"pAreaLogging","areaLogging","mean_logit_om","var_logit_om","mean_logit_mort","var_logit_mort","longitude","latitude"
0.357171717171718,419424.029750371,1.60872455083371,4.26867234270482,-3.54656842205896,0.155655660951198,-64.5,-17.5
0.343526170798898,405545.32274762,2.06291852721614,4.30837789087532,-3.5982527727681,0.191683488722722,-67.5,-16.5
0.280912151821243,331627.162521965,1.92915206317755,4.28091059520842,-3.60235862947224,0.175474325351165,-66.5,-16.5
0.214625038261402,253372.778583423,1.78362877992871,4.24815578623481,-3.60830589176609,0.15468210518554,-65.5,-16.5
0.57887358432813,683381.630111239,1.62142031753283,4.20870779492988,-3.6292544444091,0.137609195447174,-64.5,-16.5
0.41872053872054,494315.04918991,1.47863213242634,4.16200258079152,-3.56774917883964,0.14735138833737,-63.5,-16.5
0.261230486685032,309929.974261294,2.15551539861996,4.26688893456648,-3.6208353655754,0.187600008867596,-68.5,-15.5
0.533884297520661,633412.848128222,2.05952268997595,4.24408472603167,-3.62844470165264,0.180823742040631,-67.5,-15.5
0.537502295684114,637705.325977595,1.96230469269175,4.21818317288676,-3.63671360379431,0.171443545306186,-66.5,-15.5
0.186519742883379,221291.396133134,1.85449655539222,4.18725582958378,-3.64371904548599,0.159623131596527,-65.5,-15.5
0.324426078971533,384906.706645512,1.73237903530701,4.1499375068452,-3.63423800241044,0.150067765935813,-64.5,-15.5
0.565509641873276,670933.898161821,1.62315668827356,4.10502400991272,-3.58592196156637,0.144031635684755,-63.5,-15.5
0.0592286501377411,70270.2592092713,1.00289419549755,3.89367773155662,-3.54771035532475,0.179674283582664,-59.5,-15.5
0.0197979797979798,23488.7874194091,1.57535723367943,3.90611499516016,-3.60738456803895,0.205417273214218,-58.5,-15.5
0.0979247015610653,116180.161892662,2.14264627115579,3.94612494979823,-3.66442165226692,0.229404164561155,-57.5,-15.5
0.148741965105602,177293.032274947,2.13353397086337,4.1936242415503,-3.6476275830051,0.170393790618482,-68.5,-14.5
0.499810223446587,595748.953659122,2.09376222159849,4.17322350805871,-3.65674289314963,0.170837307501493,-67.5,-14.5
0.161891643709827,192966.795839445,2.05683242554127,4.15041852040417,-3.66864359339439,0.16888437757488,-66.5,-14.5
0.0619895928986842,73888.5148296545,2.00191177125007,4.12290487466958,-3.67433485107785,0.164391320045084,-65.5,-14.5
0.170725436179982,203496.237563638,1.91411162461428,4.09080928841492,-3.66048909109823,0.158879621087732,-64.5,-14.5
0.396339149066421,472416.573879267,1.81698702717638,4.05554167900125,-3.6193820125756,0.152017010180581,-63.5,-14.5
0.271319253137435,323399.069449957,1.68561065743703,4.01984664410366,-3.55856522080303,0.1422437012121,-62.5,-14.5
0.374410774410773,446279.04078428,1.52708417283002,3.98539762744713,-3.5998838816117,1.11022302462516e-16,-61.5,-14.5
0.122718089990817,146273.866114482,1.39558434510545,3.94277945658421,-3.50498706168341,0.137867984322637,-60.5,-14.5
0.0988674625038261,117845.103150199,1.45951986528206,3.90270332862063,-3.58119668111681,0.16843695107049,-59.5,-14.5
0.0597734925007654,71247.033260591,2.44191017746398,3.91878138216039,-3.71086505432106,0.217097948893192,-57.5,-14.5
0.279167431894705,334195.777941734,2.23696208007279,4.15644098737501,-3.66269138622316,0.150463799061533,-70.5,-13.5
0.0711723293541475,85201.5287564271,2.16832246737477,4.13212825061119,-3.66891964996689,0.145666296525568,-69.5,-13.5
0.346452402816039,414743.688019308,2.16135619148722,4.11249617917831,-3.66682188763035,0.151606256344526,-68.5,-13.5
0.41835322926232,500817.312244686,2.20894374118136,4.09625831324552,-3.68044257173099,0.159911176621761,-67.5,-13.5
0.046489133761861,55652.8822790562,2.25449916057984,4.07800133962564,-3.70459192473754,0.163592651147847,-66.5,-13.5
0.00737679828588919,8830.88268978967,2.24427821806287,4.05356197799247,-3.72135927773441,0.163955635433881,-65.5,-13.5
0.051043771043771,61105.311093333,2.18775703287961,4.02555862055925,-3.71640192249742,0.162834897293643,-64.5,-13.5
0.0923538414447502,110558.254156155,2.09043904576668,3.99879274962089,-3.68579536777003,0.159718321844342,-63.5,-13.5
0.389164370982551,465874.865219856,1.9526256436736,3.97482741627231,-3.63746325858573,0.153224494221322,-62.5,-13.5
0.244279155188247,292430.466365708,1.83734101437934,3.95421052946999,-3.5925723697773,0.146137690289283,-61.5,-13.5
0.258745026017753,309747.790677718,1.81673042716791,3.93514904445238,-3.60310694681646,0.152670070139918,-60.5,-13.5
0.138126721763086,166017.101174413,2.45148797151979,4.17389255834316,-3.55907988373953,0.174498624434622,-73.5,-12.5
0.100110192837466,120324.321034666,2.41319179452417,4.13453282198944,-3.63524100007999,0.155024984462756,-72.5,-12.5
0.0131680440771349,15826.9194976802,2.30240634941172,4.10046853766311,-3.69155266707849,0.134953653984808,-71.5,-12.5
0.205895316804407,247469.448380046,2.18543592981774,4.06927153751912,-3.68826146312394,0.130179001008984,-70.5,-12.5
0.483250688705235,580828.079138719,2.15657639119602,4.04197614170081,-3.6704156856836,0.12754415017446,-69.5,-12.5
0.441928374655647,531162.013769428,2.23591295867411,4.02294611086174,-3.66075916796335,0.137560639859783,-68.5,-12.5
0.627327823691461,753997.093726309,2.3736399583444,4.01422336935706,-3.69627038195623,0.149418768341604,-67.5,-12.5
0.409531680440772,492223.818519906,2.51179118617196,4.00379575732226,-3.74881291274128,0.154411441454271,-66.5,-12.5
0.23404958677686,281308.594251657,2.58708638821659,3.97994932223991,-3.79016134693376,0.156882771100363,-65.5,-12.5
0.297575757575758,357661.892079378,2.57317552835981,3.95065913006871,-3.80081627239363,0.160990900723619,-64.5,-12.5
0.334490358126722,402030.243809276,2.44290454478457,3.92899808648666,-3.7814806039699,0.164532561029844,-63.5,-12.5
0.184793388429753,222106.644331464,2.25852707360156,3.91142476125113,-3.7486158213466,0.165441879136487,-62.5,-12.5
0.257079889807162,308989.148017473,2.17915288470129,3.9019233366036,-3.72429414940783,0.165903370341997,-61.5,-12.5
0.363305785123967,436664.046726794,2.25028685601298,3.90269482880082,-3.72897043923475,0.170786252041962,-60.5,-12.5
0.620000000000001,745189.644800822,3.07880950109751,3.89384808798157,-3.85750850675895,0.202492133560214,-57.5,-12.5
0.437575757575758,525930.521550531,3.41070612806662,3.90797956002212,-3.90100535948508,0.213232173775911,-56.5,-12.5
0.305123966942149,366734.226686834,3.63907609182178,3.92019374912632,-3.93491101979887,0.226342801814445,-55.5,-12.5
0.78077134986226,938423.749797604,3.81849614227406,3.9430630048399,-3.95822226091554,0.242976316949518,-54.5,-12.5
0.0542699724517902,65228.0991849998,3.94984715245139,3.95031991587055,-3.97318330794621,0.262241090190106,-53.5,-12.5
0.282424242424241,339451.001443969,4.05230091986128,3.95244330339646,-3.982722332147,0.282601589302696,-52.5,-12.5
0.475029078665442,573054.897041232,2.50889310712004,4.14676900068656,-3.4695569406389,0.171615716527086,-74.5,-11.5
0.260899908172636,314738.563870602,2.48559523083479,4.09122339365517,-3.55874317345029,0.160611362292598,-73.5,-11.5
0.28599938781757,345017.50966509,2.4094020693593,4.04769800398499,-3.65187888847469,0.145393777476478,-72.5,-11.5
0.000526476890113252,635.119350811199,2.26653365625767,4.01406213141041,-3.72335544899047,0.127433445236241,-71.5,-11.5
0.110394857667585,133175.665734632,2.14856628009316,3.98034688676243,-3.69799556275275,0.131924138294975,-70.5,-11.5
0.815604530149985,983910.651037506,2.14425085919,3.94847515299356,-3.65676926264345,0.132858735913554,-69.5,-11.5
0.642479338842975,775059.776142845,2.29350691725034,3.92513192453867,-3.64352836087689,0.132693264242609,-68.5,-11.5
0.745785123966942,899683.485967718,2.54308885667347,3.9305946180057,-3.70461395980441,0.139475276455991,-67.5,-11.5
0.765393327211509,923337.98923107,2.81734548482574,3.93633771271138,-3.8073207058369,0.141381243074585,-66.5,-11.5
0.571300887664524,689193.116934917,3.01181888773677,3.91130223827205,-3.88627741977726,0.141536795072404,-65.5,-11.5
0.0833425160697886,100540.870255159,3.02642971727308,3.87770756036652,-3.91043037920284,0.153965447685183,-64.5,-11.5
0.102411998775635,123545.483950239,2.76788332365734,3.8618491248111,-3.89210077727996,0.166074259019664,-63.5,-11.5
0.064438322620141,77735.6544957991,2.47749722410894,3.85159096179258,-3.86497003605594,0.173978754847964,-62.5,-11.5
0.0717722681359043,86583.0147547732,2.48682610427578,3.8507221537635,-3.8471740380538,0.179016367162836,-61.5,-11.5
0.159357208448117,192241.765360073,2.63989874275576,3.85581570060584,-3.84871932014524,0.183613605978307,-60.5,-11.5
0.177692072237527,214360.166007511,3.14112431462816,3.84057304232885,-3.90577281050406,0.192886654135818,-58.5,-11.5
0.431692684419957,520775.712338993,3.50105110594291,3.85236093168398,-3.94686516087106,0.195913859383196,-57.5,-11.5
0.597967554331191,721362.650564378,3.74080226583414,3.87660723072316,-3.9851553555378,0.199603268880258,-56.5,-11.5
0.56811753902663,685352.860395129,3.95286125696601,3.88293986986861,-4.01173147196631,0.20882839845588,-55.5,-11.5
0.783097643097643,944695.723679279,4.06368541198765,3.89429146721448,-4.02439343771193,0.225445018004068,-54.5,-11.5
0.1821854912764,219780.835815596,4.15428498966112,3.8852369121445,-4.02877344085534,0.245871446334365,-53.5,-11.5
0.416094276094274,501958.455294027,4.23302395956973,3.8693076665863,-4.02952916355941,0.266978399156338,-52.5,-11.5
0.0374104683195592,45130.399451247,4.11167379121468,3.90578766490774,-4.02868931205448,0.28751785359971,-51.5,-11.5
0.167958371594735,203301.991985846,2.57130108581023,4.14934888938143,-3.38148789437028,0.16395400812358,-75.5,-10.5
0.180857055402509,218914.95659855,2.58632642573164,4.07263512790043,-3.45288913809221,0.155685413242906,-74.5,-10.5
0.309170492806856,374229.497786164,2.54052282374119,4.00319910963444,-3.56198776676286,0.151444385621816,-73.5,-10.5
0.0682705846342205,82636.8207692865,2.42966203609536,3.95492988349537,-3.65599036872617,0.144262065351365,-72.5,-10.5
0,0,2.26769322934449,3.93163661010928,-3.70546190595765,0.141032906379143,-71.5,-10.5
0.0200795837159472,24304.9472850842,2.13481886758893,3.90553743552305,-3.69498875932292,0.142001723979253,-70.5,-10.5
0.2806734006734,339735.738758094,2.08928555671007,3.87070259331164,-3.65369671797568,0.137267335954338,-69.5,-10.5
0.401903887358432,486476.857991791,2.29315166479307,3.84732846126943,-3.60274826153483,0.124333553491474,-68.5,-10.5
0.58026936026936,702375.92631442,2.72249031740036,3.85901091420525,-3.711738878082,0.131146852840956,-67.5,-10.5
0.590064279155188,714231.998160803,3.09224910545593,3.88575902326498,-3.88786167772675,0.130852276713875,-66.5,-10.5
0.622993572084481,754090.62969936,3.39184543599409,3.87149855978595,-4.04169754095728,0.125666512687277,-65.5,-10.5
0.372206917661464,450530.730162542,3.45924161703623,3.84325810401859,-4.02888568030357,0.148237897955958,-64.5,-10.5
0.311992653810837,377645.528486905,3.03449303764784,3.83456886290258,-3.99699269360074,0.167493338105733,-63.5,-10.5
0.0977532904805648,118323.597026901,2.73821959602957,3.82956724240979,-3.97064139529258,0.179971595734593,-62.5,-10.5
0.370872359963268,448915.34037347,2.85990883077295,3.83334607832703,-3.95557585608268,0.187487617960682,-61.5,-10.5
0.484303642485461,586216.062399487,2.92787838388276,3.84255255944005,-3.95548328099014,0.191863595849686,-60.5,-10.5
0.48651974288338,588898.498654731,3.063650358945,3.83623222056591,-3.970743468921,0.193871385943448,-59.5,-10.5
0.664352617079891,804152.893070713,3.47366534239996,3.81291178999304,-3.99865969632442,0.193138470803763,-58.5,-10.5
0.690749923477197,836105.006696713,3.79479768360535,3.82652488630458,-4.03497329164836,0.189071699867462,-57.5,-10.5
0.483164983164983,584837.794047344,4.05789201145852,3.84184289217149,-4.07275586878855,0.183404908698916,-56.5,-10.5
0.193155800428527,233801.736810665,4.23788504919356,3.84526352460065,-4.09285435091954,0.188362106092085,-55.5,-10.5
0.558996020814202,676626.020273057,4.23394170096203,3.85179416488341,-4.0898004418279,0.208692528852066,-54.5,-10.5
0.434563820018366,526009.447554575,4.30236071778291,3.84560465609287,-4.0818160887586,0.23153498837251,-53.5,-10.5
0.275855524946435,333904.033418657,4.14992437232774,3.84283228619781,-4.07382986900222,0.253221115944134,-52.5,-10.5
0.16389960208142,198389.132214501,3.90623782253041,3.86253677348032,-4.06640802998246,0.273368846220777,-51.5,-10.5
0.664793388429752,807150.638438651,2.63765680556896,4.09732267326511,-3.43900705099054,0.167485856109867,-75.5,-9.5
0.283673094582185,344418.16568107,2.66215026617796,4.00531912250235,-3.49640712681397,0.154218905363119,-74.5,-9.5
0.428797061524334,520618.628274093,2.62532395936001,3.91795856062945,-3.58841104300293,0.143491347161228,-73.5,-9.5
0.117777777777778,142998.426551386,2.51305518150074,3.86149947921752,-3.68485136706526,0.135537591129812,-72.5,-9.5
0,0,2.32950515489615,3.86559676179029,-3.7236575967705,0.143420818597667,-71.5,-9.5
0,0,2.23951733542937,3.86001498032539,-3.71171733420031,0.149924666385307,-70.5,-9.5
0.148448117539027,180236.438767325,2.19617684170902,3.84486502385518,-3.68754650379371,0.148283167756106,-69.5,-9.5
0.557483930211203,676862.192104681,2.48610853193706,3.82447991676953,-3.68308462273479,0.140866477701869,-68.5,-9.5
0.636510560146924,772811.39364072,3.04909498173155,3.83210334062628,-3.76666650823716,0.136337497511499,-67.5,-9.5
0.528980716253443,642255.368775856,3.31443269546777,3.84982246454056,-3.93872918414902,0.136340781366959,-66.5,-9.5
0.574141414141414,697086.669398008,3.52392650946156,3.8448044280989,-4.07904553282665,0.135091034080084,-65.5,-9.5
0.483691460055096,587267.98067735,3.55546033759377,3.83952408650888,-4.09204763032485,0.154469535288377,-64.5,-9.5
0.576216712580348,699606.367230583,3.32654267633564,3.83389065338317,-4.07309068318461,0.172876040166281,-63.5,-9.5
0.483103764921948,586554.437928304,3.16260876442724,3.83531672739242,-4.05580934225575,0.185611400325448,-62.5,-9.5
0.658916437098254,800015.21094817,3.18242743723185,3.83113562578112,-4.04606862911718,0.193278014355857,-61.5,-9.5
0.645803489439853,784094.28836004,3.22780609146494,3.83878600586182,-4.04640671304377,0.196979699537431,-60.5,-9.5
0.661616161616162,803293.047951611,3.40331824902213,3.82197980274529,-4.05759400549442,0.19727607842073,-59.5,-9.5
0.538475665748393,653783.543815162,3.67089944204969,3.80719302693916,-4.07899786452557,0.193911901509759,-58.5,-9.5
0.571331496786042,693675.043129122,3.92913841995108,3.82339367079814,-4.10930435415238,0.186021876067401,-57.5,-9.5
0.579651056014692,703776.132670332,4.21598612633006,3.83155199473558,-4.14702364142379,0.172567002577814,-56.5,-9.5
0.32455463728191,394053.983161717,4.2848264440019,3.85287015776107,-4.16311269766071,0.172800446361854,-55.5,-9.5
0.191037649219467,231945.989862391,4.2739687847777,3.8553663581054,-4.14280942043421,0.198739450716269,-54.5,-9.5
0.131019283746556,159075.436615871,4.40745143060112,3.83803545708591,-4.12615510423067,0.221759179504625,-53.5,-9.5
0.101561065197429,123309.106319845,4.26007300448564,3.83052349889136,-4.11223236971355,0.242249291788648,-52.5,-9.5
0.305858585858586,371354.40445763,3.72221793265729,3.83445836599442,-4.10007244026164,0.260793387756793,-51.5,-9.5
0.186648301193756,226616.71745544,3.45816713415192,3.86034495785524,-4.08896532920023,0.277999594748416,-50.5,-9.5
0.202999693908785,247147.396148281,2.61435215790409,4.15971072590906,-3.50275318546706,0.196692014753426,-76.5,-8.5
0.363464952555861,442510.108688652,2.66197038331823,4.06049582184645,-3.52196614602286,0.175888334584637,-75.5,-8.5
0.543269054178145,661417.411833139,2.70663031265095,3.95534069780646,-3.56926816758819,0.159350724617158,-74.5,-8.5
0.283501683501683,345156.692268603,2.71389030665732,3.86192002850165,-3.63681051014159,0.142061216857769,-73.5,-8.5
0.200875420875421,244561.14323925,2.53102382514678,3.82889535601785,-3.71356226409716,0.133083875387123,-72.5,-8.5
0.295684113865932,359988.517308865,2.40774162758734,3.84055385682396,-3.74485060489858,0.147169650225713,-71.5,-8.5
0.477037037037038,580781.474591637,2.48446809511908,3.84654443417436,-3.74043767637826,0.157284088676249,-70.5,-8.5
0.420055096418733,511407.289930954,2.62400443284744,3.84698145611849,-3.73983575027521,0.159959921789715,-69.5,-8.5
0.146378940924395,178212.949013918,2.95908442224088,3.83871474794122,-3.76672747026943,0.158095273022327,-68.5,-8.5
0.265601469237832,323363.598591353,3.32136883637716,3.831528165334,-3.84452992114484,0.156266282741615,-67.5,-8.5
0.203458830731558,247706.384529195,3.45751787300498,3.83728969231082,-3.96140325303564,0.156253228753526,-66.5,-8.5
0.105325987144168,128231.934581759,3.52189280900729,3.83318673870918,-4.06191000274682,0.159476471457846,-65.5,-8.5
0.196516681971227,239254.480209769,3.54475551669365,3.84738636341592,-4.10899708628102,0.169674346412008,-64.5,-8.5
0.523256810529535,637052.97160368,3.49000268702748,3.83558921176085,-4.12051776989897,0.181773831983259,-63.5,-8.5
0.36559534741353,445103.814776096,3.42154241426697,3.83487255720445,-4.12041201097162,0.191254553618866,-62.5,-8.5
0.371558004285277,452363.21054957,3.28572663255248,3.83256102953169,-4.11935902602675,0.197087421588945,-61.5,-8.5
0.183569023569023,223491.007867983,3.32986320928137,3.83401671363465,-4.12175079449509,0.199585596496453,-60.5,-8.5
0.127070707070706,154705.624301864,3.45368056425407,3.84294437830569,-4.12945716942176,0.199125243012983,-59.5,-8.5
0.0894704621977344,108928.202494183,3.64011971112071,3.83580542398482,-4.14305100240298,0.19572404283478,-58.5,-8.5
0.0971717171717167,118304.30093672,3.89186333305809,3.84559476396665,-4.16181808726541,0.189443032895579,-57.5,-8.5
0.140012243648607,170461.643465239,4.071309555041,3.8682225683409,-4.18127749762911,0.182562275966425,-56.5,-8.5
0.435494337312519,530204.205886502,4.14381344462216,3.87662384036349,-4.18676333758187,0.184844995931142,-55.5,-8.5
0.258598102234466,314837.162487807,4.11791970863192,3.86914360843203,-4.17441866756425,0.199595946505245,-54.5,-8.5
0.00815426997245175,9927.63364503946,4.08115198766645,3.8465965723475,-4.1582812287854,0.217131816768264,-53.5,-8.5
0.0129109274563819,15718.7532713124,4.04476942182769,3.82964624869155,-4.14296277912767,0.233862715883249,-52.5,-8.5
0.19709213345577,239955.078980516,3.67603984833452,3.8364865642438,-4.12866186770882,0.249396658351612,-51.5,-8.5
0.104609733700643,127359.912707534,3.6217065255112,3.85482523866827,-4.11492820625229,0.26408817555001,-50.5,-8.5
0.0105356596265687,12826.9200473821,3.74839233239814,3.91934912479693,-4.10151878403872,0.278464285636348,-49.5,-8.5
0.140055096418733,170929.851126715,2.59821324570855,4.15053094649326,-3.5703682435734,0.198976605685423,-76.5,-7.5
0.107223752678297,130860.929385627,2.61919033696699,4.04752091601549,-3.59821424995215,0.180516310410079,-75.5,-7.5
0.21931435567799,267661.592648592,2.64641262706211,3.93487022592049,-3.64090293427948,0.165029221205855,-74.5,-7.5
0.257606366697276,314394.970513688,2.67745160275506,3.83896984083626,-3.69091977658784,0.153083832650654,-73.5,-7.5
0.432861952861954,528285.161004797,2.52278607606118,3.82160575780301,-3.7345027392836,0.149853624461796,-72.5,-7.5
0.15408631772268,188054.215965529,2.4848557502444,3.84029202937278,-3.75683919168774,0.156497652824975,-71.5,-7.5
0.103703703703702,126564.895449187,2.71501597359018,3.84018830521619,-3.76532752897246,0.164194589093483,-70.5,-7.5
0.0850627486991107,103814.593994477,3.01626507752426,3.84581007699008,-3.78218003016958,0.168813694974696,-69.5,-7.5
0.00685644322007945,8367.92697184703,3.17946016596571,3.84373950699033,-3.82368689346318,0.170860509664479,-68.5,-7.5
0.0308539944903575,37655.6713733116,3.28923556256952,3.834260982964,-3.89569275864563,0.172158159031561,-67.5,-7.5
0.0227119681665132,27718.7580942433,3.37434302952353,3.83560086519966,-3.98623247877503,0.174048689868345,-66.5,-7.5
0,0,3.37354512086492,3.83763503757097,-4.06916408979913,0.177656253325887,-65.5,-7.5
0.214514845423937,261804.043768302,3.40535701418597,3.84837834423443,-4.12570266202451,0.183604094806717,-64.5,-7.5
0.44472604836241,542764.663211436,3.50270534476521,3.84852746054778,-4.15678573467908,0.190229890439268,-63.5,-7.5
0.193841444750537,236573.24967551,3.38918530484887,3.83885439061168,-4.17228753816915,0.195397985125031,-62.5,-7.5
0.358408325681052,437418.439726576,3.26653995075462,3.82487704176117,-4.18012885220685,0.198291666383928,-61.5,-7.5
0.630743801652895,769789.510503003,3.37497162785226,3.81507721123167,-4.18475497968767,0.199157047051762,-60.5,-7.5
0.370205081114174,451815.756936177,3.52374519224974,3.84755942044223,-4.18858117670864,0.198473828307066,-59.5,-7.5
0.0309335782063056,37752.7990970929,3.6305627493035,3.85659324547047,-4.19309899007869,0.196498379100525,-58.5,-7.5
0,0,3.76728285973513,3.86745776516838,-4.19869132069744,0.193680195138992,-57.5,-7.5
0.0504744413835324,61601.3909668574,3.89704843468902,3.88018742241301,-4.20312198960832,0.191911250892051,-56.5,-7.5
0.468227731864096,571447.227180119,3.90403504607808,3.88060252712106,-4.20160501063481,0.194699957325074,-55.5,-7.5
0.110511172329353,134873.051514093,3.89922789632058,3.874567073416,-4.19281439371393,0.203119290226648,-54.5,-7.5
0,0,3.96966272432043,3.86636767728608,-4.18035790269221,0.214443713990845,-53.5,-7.5
0.053884297520661,65762.9403626775,3.94562899700998,3.85395516943352,-4.16678451476109,0.226339692753609,-52.5,-7.5
0.0682705846342206,83320.6442768209,3.87925306919299,3.86262547760322,-4.15254016792525,0.238069147924226,-51.5,-7.5
0.0767921640648913,93720.7820846885,3.88074767675125,3.87870837826611,-4.13749545731446,0.249724147117633,-50.5,-7.5
0.0240955004591369,29407.2862153488,3.96353451171532,3.91160429458381,-4.12179704218759,0.261677030559212,-49.5,-7.5
0.00719926538108359,8786.32332043959,3.95969158886946,3.96024874353376,-4.10597425030513,0.274415104320711,-48.5,-7.5
0.312121212121213,381739.308341476,2.59930743135573,4.24827784578863,-3.61153877993541,0.217294566042134,-77.5,-6.5
0.510303030303031,624125.238103926,2.54655722214498,4.15957451616639,-3.63345012702431,0.197935753733183,-76.5,-6.5
0.203030303030303,248315.860765814,2.51657476135129,4.06188592072513,-3.66695771104479,0.180471931115154,-75.5,-6.5
0.0454545454545453,55593.1031565252,2.47323480712496,3.96219242353024,-3.70887124157945,0.165587421494893,-74.5,-6.5
0.0434343434343431,53122.2985717906,2.41311190182572,3.88231972829232,-3.74665685825924,0.156425501156381,-73.5,-6.5
0.0799999999999994,97843.861555484,2.31849212655865,3.84897109485239,-3.767220991716,0.155837798894963,-72.5,-6.5
0.018181818181818,22237.2412626099,2.4110406859868,3.84920963872399,-3.77422137100563,0.160730287590876,-71.5,-6.5
0,0,2.70501119542189,3.8430976158191,-3.7824466923181,0.16680996329418,-70.5,-6.5
0,0,3.15547160906852,3.83695343446512,-3.80826782435553,0.172467462332271,-69.5,-6.5
0,0,3.41337140718027,3.83889943455189,-3.85918858394034,0.177561984765757,-68.5,-6.5
0,0,3.46767410396588,3.84433085694199,-3.93160191592061,0.182032338702534,-67.5,-6.5
0,0,3.38848481967294,3.85108149962243,-4.0138173692171,0.185957022176465,-66.5,-6.5
0,0,3.3778208259927,3.85429752022414,-4.09073826394524,0.189607603958569,-65.5,-6.5
0.0387878787878785,47439.4480269014,3.30262414894378,3.84429950977689,-4.15139951168388,0.19299975937313,-64.5,-6.5
0.10141414141414,124034.390153668,3.30251724478875,3.84716829855895,-4.19331029328532,0.195486051094604,-63.5,-6.5
0.246060606060605,300943.998420656,3.30827967039972,3.84008099714956,-4.21964348194605,0.196354973423189,-62.5,-6.5
0.185252525252525,226572.78042015,3.41404598487034,3.82626291828458,-4.23442504393027,0.195690358292549,-61.5,-6.5
0.272525252525252,333311.538480678,3.6906018522236,3.8266299984146,-4.24035840699105,0.194442426117032,-60.5,-6.5
0.440606060606061,538882.479930587,3.81208246410361,3.84616426333204,-4.23929824034301,0.193633194500184,-59.5,-6.5
0.328484848484849,401752.825477824,3.70117329848072,3.8576850216577,-4.23367595235475,0.193502598402588,-58.5,-6.5
0.103030303030303,126011.033821458,3.60537257374209,3.86293121688433,-4.2264734621436,0.193818293058664,-57.5,-6.5
0.150505050505051,184074.941562718,3.76508104898949,3.8732420202836,-4.2194823561488,0.194971841985719,-56.5,-6.5
0.501010101010101,612759.537014147,3.82102793975869,3.87497289880461,-4.21254852942154,0.198012223795283,-55.5,-6.5
0.0462626262626262,56581.4249904191,3.88284415191575,3.87896900412052,-4.20495253314786,0.203308816006906,-54.5,-6.5
0,0,3.98493083692066,3.88352454675636,-4.19631735567734,0.210083054198758,-53.5,-6.5
0.187676767676767,229537.745921831,4.13793092297277,3.86558806858685,-4.18601530554285,0.217511274570255,-52.5,-6.5
0.328080808080808,401258.664560877,4.10674807163979,3.876083332685,-4.17319436949999,0.225416192029039,-51.5,-6.5
0.044040404040404,53863.5399472112,4.03231139887814,3.8880432569585,-4.15755664064633,0.234003728158354,-50.5,-6.5
0.056969696969697,69676.6892895119,4.06800451091519,3.90135186610946,-4.13974279304689,0.243519804522101,-49.5,-6.5
0.0145454545454546,17789.7930100882,4.09978867834539,3.91747331898403,-4.12102711720982,0.254329117989608,-48.5,-6.5
0.320881542699725,393169.460010584,2.63918445335411,4.33878856953981,-3.64491133558047,0.23164866733368,-78.5,-5.5
0.268674625038261,329201.412945369,2.57973882713478,4.265528966879,-3.66135918668354,0.211525515435653,-77.5,-5.5
0.309611264156718,379360.222833394,2.48498081841045,4.18264299424374,-3.68791014842565,0.193354697854303,-76.5,-5.5
0.0808509335782059,99064.9621939817,2.39836233609203,4.09291072363308,-3.72571647128612,0.175904928975092,-75.5,-5.5
0.00417508417508412,5115.6435387518,2.29155385324073,4.00182470007901,-3.77244789330196,0.158500146097445,-74.5,-5.5
0.201401897765535,246773.543667739,2.16687102892431,3.91906024115773,-3.80981068709635,0.146695793864154,-73.5,-5.5
0.0981450872359966,120255.127878695,2.07315799392189,3.85585897707172,-3.8054265687653,0.150463508684799,-72.5,-5.5
0,0,2.21157592519772,3.85316459403919,-3.79017894974321,0.156778553135047,-71.5,-5.5
0,0,2.55742089115789,3.85530333460194,-3.78772271640283,0.162272569651244,-70.5,-5.5
0,0,3.0770211353581,3.85238053433433,-3.81860245635575,0.169325410667074,-69.5,-5.5
0,0,3.45979023102913,3.84240282741821,-3.88153308885906,0.178101336481279,-68.5,-5.5
0.0991674318947049,121507.785460765,3.59532233514177,3.83994926447031,-3.96139732722526,0.186202155042549,-67.5,-5.5
0.0776981940618306,95201.9762373003,3.42727468552309,3.85793127323894,-4.04496432093985,0.19232994349745,-66.5,-5.5
0.164597490052036,201677.870713228,3.3149615637721,3.862300050011,-4.12203876218206,0.196233708779564,-65.5,-5.5
0.0521395775941232,63885.5366855568,3.28970781960919,3.84969421174673,-4.18593436323935,0.197828971379634,-64.5,-5.5
0.00550352004897485,6743.34830108232,3.20964646087721,3.83964651918789,-4.2342366693049,0.196883916416485,-63.5,-5.5
0.0450811141720224,55236.9487087507,3.38528208359237,3.83781634138534,-4.26761387606152,0.193401083839017,-62.5,-5.5
0.209219467401285,256352.248651588,3.74298723545397,3.83471511047107,-4.28741243351462,0.188361295246459,-61.5,-5.5
0.219908172635445,269448.896186282,3.98952812209218,3.83429574430709,-4.29380114430096,0.184097239642821,-60.5,-5.5
0.183201714110804,224473.238329454,4.07687754074699,3.84093112350275,-4.28640719202741,0.183045797314239,-59.5,-5.5
0.0605387205387197,74176.831311901,3.72793196254227,3.8551460684846,-4.26842517540942,0.185184399324489,-58.5,-5.5
0.191111111111111,234164.457467384,3.44305974241992,3.85005763142272,-4.24724116180959,0.188493532001839,-57.5,-5.5
0.188099173553719,230473.993213621,3.51163750067916,3.85057625449531,-4.22955871746031,0.191812257369347,-56.5,-5.5
0.141689623507804,173609.339742538,3.65044684311561,3.86542574418169,-4.21836468312804,0.195216661554802,-55.5,-5.5
0.00645240281603909,7905.99455988913,3.78941669867586,3.88568353688441,-4.21266264702465,0.198784226211584,-54.5,-5.5
0,0,3.90564144390965,3.89840289319565,-4.20899274190877,0.202277615835246,-53.5,-5.5
0.0342332415059681,41945.2766403224,4.0202028549059,3.89236299633457,-4.20335889195413,0.205841172182435,-52.5,-5.5
0.23089072543618,282905.589014025,4.08092105840672,3.89043922848657,-4.19277403928973,0.210260894488843,-51.5,-5.5
0.523189470462199,641053.143331894,4.02512299422639,3.8835021540197,-4.17647492237349,0.216202071474332,-50.5,-5.5
0.363599632690543,445511.044487726,3.99309468352675,3.87915009571898,-4.15595557022846,0.223648873399636,-49.5,-5.5
0.12719314355678,155847.105285407,4.0763455097854,3.88146088970179,-4.13370712596141,0.232620196139076,-48.5,-5.5
0.514894398530763,631847.085963221,2.63885516604017,4.35808389873473,-3.68559304009288,0.221879068612126,-78.5,-4.5
0.407988980716254,500659.260046831,2.56000800716615,4.29033161877046,-3.70332277540753,0.202580288051835,-77.5,-4.5
0.213694520967248,262232.917555026,2.43881145416288,4.2143938005308,-3.73072780178654,0.186008295318679,-76.5,-4.5
0.186795224977044,229223.737741901,2.31125357999365,4.13226483874737,-3.7687955223416,0.169702742703026,-75.5,-4.5
0.0165534129170493,20313.3414234621,2.18389799646789,4.04674119477919,-3.8154233394335,0.150870879694639,-74.5,-4.5
0.282240587695133,346348.481134355,2.07605602283363,3.96403194483481,-3.85293152727365,0.134137945665315,-73.5,-4.5
0.0615304560759105,75506.4329316631,2.04607218880414,3.89495630273468,-3.8377629942207,0.139679038773891,-72.5,-4.5
0,0,2.12604227877164,3.85915223460551,-3.80066479024422,0.14750424902888,-71.5,-4.5
0.392108968472606,481172.274968259,2.47370468161607,3.8572666292391,-3.77594402696837,0.150113360595244,-70.5,-4.5
0.136565656565657,167585.066743563,2.9546641164219,3.85215537121536,-3.81678060518937,0.159534070614974,-69.5,-4.5
0,0,3.37877775725304,3.83407779428447,-3.90113661398509,0.174208179044222,-68.5,-4.5
0.0637771655953473,78263.4581914303,3.53632650707671,3.84077724248482,-3.9936760546595,0.186512043246705,-67.5,-4.5
0.0890174471992654,109236.796463965,3.40514665564124,3.85257705269287,-4.08263168102314,0.194782306084214,-66.5,-4.5
0.253088460361188,310574.763731054,3.27573549770018,3.85889207501595,-4.16202588851311,0.199008367567878,-65.5,-4.5
0.123893480257117,152034.542798826,3.35636856597863,3.85057672483756,-4.22837047087782,0.199229677104616,-64.5,-4.5
8.80316124047317e-16,1.08027039970314e-09,3.58690350487201,3.83402228094724,-4.28036876285742,0.195295229183069,-63.5,-4.5
0.000710131619222512,871.43032733785,3.71282615522367,3.83999065012331,-4.3182039775791,0.187276983988962,-62.5,-4.5
0.359240893786346,440838.573007246,3.89297467009838,3.84545719418826,-4.34208031428961,0.1764897467836,-61.5,-4.5
0.324095500459137,397710.284134433,3.96903714455266,3.8481975682006,-4.34979194268756,0.167171825283735,-60.5,-4.5
0.0198836853382305,24400.04916546,3.92749451320625,3.84228557005023,-4.33466403074637,0.165764960773365,-59.5,-4.5
0,0,3.66985604608955,3.84464772025169,-4.29946173900458,0.171693164008517,-58.5,-4.5
0.0298255280073457,36600.0737481899,3.25505678607288,3.84693259036894,-4.26062022819148,0.178383131087241,-57.5,-4.5
0.258763391490664,317538.694019348,3.19332835317271,3.84198745522763,-4.23117081210626,0.183440855326961,-56.5,-4.5
0.568472604836243,697595.001694783,3.37977176971875,3.86163645072717,-4.21728447377731,0.187354322663415,-55.5,-4.5
0.274165901438629,336439.717326091,3.61117036744394,3.8845959127772,-4.21637081826447,0.190043166769156,-54.5,-4.5
0.116908478726661,143462.973803201,3.78925462935962,3.90448232758939,-4.22056315996185,0.19091620289682,-53.5,-4.5
0.0425956535047451,52270.7949794569,3.92788972762169,3.90806257696714,-4.22173604658411,0.190695061073255,-52.5,-4.5
0.110345883073156,135409.755605734,3.967999207254,3.89993817164953,-4.21387145589476,0.191828597801303,-51.5,-4.5
0.765417814508724,939274.183253287,3.92138584371221,3.88038212094471,-4.19573522083761,0.196041003044976,-50.5,-4.5
0.293174165901438,359765.503243194,3.83537387222572,3.86801592418594,-4.17090094854457,0.202313484298917,-49.5,-4.5
0.59482093663912,729928.071771181,3.81040130455779,3.87906594032377,-4.1438554533221,0.2095421760219,-48.5,-4.5
0.267346189164372,328070.981251485,3.68705358808729,3.95142564516741,-4.11811857062829,0.219221331206241,-47.5,-4.5
0.339828588919499,417016.973283213,3.56163028786612,4.05254318873919,-4.09597653168538,0.234260177997591,-46.5,-4.5
0.110498928680747,135597.563865936,3.44307408984745,4.15180470553144,-4.07795228295973,0.255648342914965,-45.5,-4.5
0.458787878787879,563679.560195684,2.63270418996103,4.38111777258142,-3.72107284553232,0.209109652359588,-78.5,-3.5
0.149366391184572,183515.706459768,2.54566626301852,4.31948003135486,-3.73682373231888,0.190057401574459,-77.5,-3.5
0.102424242424242,125841.275657953,2.41763114030908,4.25067152463345,-3.76125518869408,0.176213710682144,-76.5,-3.5
0.541542699724519,665354.437031751,2.26911945919101,4.17646387468759,-3.79517455084522,0.164124425288702,-75.5,-3.5
0.0298622589531681,36689.6026931742,2.14414848191318,4.0999788023927,-3.83419404162051,0.149350369653355,-74.5,-3.5
0.266666666666667,327634.090470411,2.08457531218424,4.0270440817866,-3.86745341220363,0.130609762230246,-73.5,-3.5
0.0510743801652893,62751.4053442296,2.09428339530124,3.9648320839197,-3.87088614819835,0.128880506330825,-72.5,-3.5
0.086887052341598,106751.851378479,2.23123437890725,3.91944301869044,-3.81968774041188,0.141620912121989,-71.5,-3.5
0.241652892561983,296901.471240335,2.57502679879049,3.88503655945128,-3.76959124359246,0.137661774158504,-70.5,-3.5
0.0239118457300272,29378.7593520984,3.01774942508184,3.84829789166564,-3.82873105106039,0.149659355423775,-69.5,-3.5
0,0,3.36737787979133,3.83648243680389,-3.93534452315401,0.170851914667767,-68.5,-3.5
0.00743801652892551,9138.55417634397,3.40601122969176,3.84446245305785,-4.03757635888533,0.185915431748865,-67.5,-3.5
0.0120661157024792,14824.7656638469,3.29377588767574,3.84531996458086,-4.1303306540049,0.19526220890261,-66.5,-3.5
0.117520661157024,144389.155986236,3.22813873619575,3.84348332514342,-4.21081450670619,0.199524618344143,-65.5,-3.5
0.270633608815427,332507.986031128,3.40702644058808,3.83967980168134,-4.27769050087177,0.198776446189022,-64.5,-3.5
1.92296744796342e-15,2.36261134056638e-09,3.66674150884624,3.83734535522642,-4.33083724104648,0.19262891272985,-63.5,-3.5
0,0,3.84649950111957,3.83769252320365,-4.37068873629412,0.180612869739445,-62.5,-3.5
0.380936639118455,468029.359816613,3.95883988067821,3.8350652699598,-4.39743186800931,0.163013061554776,-61.5,-3.5
0.381432506887052,468638.596761705,3.82243218928596,3.83789387138893,-4.41000308449135,0.144150616018837,-60.5,-3.5
0.561101928374657,689385.449865841,3.6116777563958,3.84180518269545,-4.38783705362042,0.142315738445381,-59.5,-3.5
0.368484848484849,452730.743195478,3.45844539630191,3.84699400771693,-4.3264551458578,0.156112409167408,-58.5,-3.5
0.310909090909092,381991.564571185,3.11665183667486,3.85202406134483,-4.26536369312578,0.165770222702514,-57.5,-3.5
0.40534435261708,498017.356113804,3.02669506840111,3.85732770870753,-4.22148422052719,0.171099434021944,-56.5,-3.5
0.314159779614324,385985.451211214,3.20950028661493,3.86685608083384,-4.20793322806608,0.175729936043354,-55.5,-3.5
0.801707988980717,985000.754222098,3.43178340260016,3.87693424648432,-4.21718013158912,0.178747561594291,-54.5,-3.5
0.771349862258955,947701.914583835,3.66231172274201,3.89885656745151,-4.23337443240965,0.177429966929455,-53.5,-3.5
0.45796143250689,562664.165287205,3.79696728253239,3.89928844392264,-4.24445814042385,0.172411005567759,-52.5,-3.5
0.788595041322316,968889.821674174,3.80977069234739,3.89771192872348,-4.23943281603971,0.169585566821565,-51.5,-3.5
0.952727272727273,1170547.25049883,3.79296948810329,3.8859831495538,-4.216163148441,0.174051087149519,-50.5,-3.5
0.603360881542701,741305.976186256,3.64152209908166,3.86587150263633,-4.18435230675269,0.180993521742121,-49.5,-3.5
0.71862258953168,882919.719422638,3.47528758223236,3.87211053562052,-4.15096708155027,0.186228093494463,-48.5,-3.5
0.59404958677686,729865.86021735,3.48112223807912,3.96351242617572,-4.12021168380445,0.192910666093106,-47.5,-3.5
0.257741046831956,316667.825458798,3.45020776933905,4.06479087978624,-4.09564397625952,0.208230918124758,-46.5,-3.5
0.110027548209366,135182.908815993,3.38974526245048,4.16139650552088,-4.07727995862465,0.233457939924721,-45.5,-3.5
0.678261401897767,834088.372874436,2.53475618081436,4.35010694434628,-3.76317174933162,0.173202354566913,-77.5,-2.5
0.422846648301194,519993.430070066,2.41205248730377,4.2878086563778,-3.78133615089013,0.163079251559341,-76.5,-2.5
0.253976124885215,312325.796752907,2.26119490416601,4.22047678045561,-3.81017917239372,0.158364048405856,-75.5,-2.5
0.00397918579736756,4893.38269552841,2.13905903405642,4.15095859147445,-3.84445710035938,0.152781599877717,-74.5,-2.5
0.435659626568718,535750.122349668,2.10487175976544,4.08337183091459,-3.87462965568987,0.143961561600052,-73.5,-2.5
0.266960514233242,328293.280902471,2.1539938648329,4.02143645310613,-3.8808892556995,0.142532160023077,-72.5,-2.5
0.259467401285583,319078.664872737,2.323293058018,3.96588257855899,-3.85958676755986,0.149470800217275,-71.5,-2.5
0.0261707988980712,32183.4015744368,2.66948700940381,3.91094220543683,-3.84993934058745,0.149935187771938,-70.5,-2.5
0.00030609121518212,376.414053502185,3.07761264357232,3.85163534502895,-3.90044541620356,0.157219096065809,-69.5,-2.5
0,0,3.26999271458673,3.83523226726358,-3.99754336795301,0.173584976026761,-68.5,-2.5
0,0,3.15359420618952,3.83460170418727,-4.09805811162462,0.186590135643988,-67.5,-2.5
0,0,3.07800595266483,3.83515169360919,-4.18950257598847,0.19498661093866,-66.5,-2.5
0.0257055402509947,31611.2522131138,3.07131067220851,3.83311342043676,-4.26774073519459,0.198852324526756,-65.5,-2.5
0.0368839914294454,45357.8934470133,3.41949274746699,3.85062029635483,-4.33221900180332,0.197797681765842,-64.5,-2.5
2.62076521760302e-16,3.22287216981559e-10,3.67638739706631,3.85378331928869,-4.38375966414998,0.190987941406934,-63.5,-2.5
0,0,3.77926420770107,3.84141468625453,-4.4228901899397,0.17744843101841,-62.5,-2.5
0.0533516988062432,65608.9695254305,3.75041015046229,3.82967621395206,-4.44888606349569,0.156280512820896,-61.5,-2.5
0.207835935108662,255585.142327987,3.49978540214563,3.82731538087986,-4.45771816467524,0.127166791243999,-60.5,-2.5
0.594625038261402,731236.996895496,3.33856300858282,3.84169765373695,-4.41959394625825,0.125809295414491,-59.5,-2.5
0.319700030609121,393149.422320897,3.24389732846434,3.84854307299518,-4.34930838101631,0.146563575873881,-58.5,-2.5
0.329286807468626,404938.710476587,2.97334841552085,3.85343983367003,-4.26518489597943,0.154184102604557,-57.5,-2.5
0.472206917661463,580693.960337829,2.89743365635717,3.85996739091733,-4.19827860777166,0.15525951627228,-56.5,-2.5
0.355922865013774,437694.261412347,3.10630211853203,3.87465608622239,-4.19287432326604,0.162003827998604,-55.5,-2.5
0.47830425466789,588192.128283592,3.31245810854925,3.88318335897185,-4.21983339579912,0.168006481050306,-54.5,-2.5
0.492366085093357,605484.589901483,3.46414581266433,3.89991072544496,-4.24941016177,0.165505711788854,-53.5,-2.5
0.154925007652282,190518.209039601,3.5791100952605,3.90543621231248,-4.27344447818548,0.153743604510057,-52.5,-2.5
0.575163758800122,707304.591373826,3.62745744885976,3.90446834894232,-4.27225382585665,0.142819385282043,-51.5,-2.5
0.666813590449953,820010.487273451,3.63873963320397,3.89628294797133,-4.23530076975883,0.153165700023692,-50.5,-2.5
0.758487909397,932746.496297358,3.52060192773828,3.89299705479785,-4.19471810493247,0.16352652619718,-49.5,-2.5
0.871153963881237,1071296.98111044,3.38729882652706,3.92635651748347,-4.15472907145939,0.165550616682667,-48.5,-2.5
0.580691766146311,714102.629180075,3.39370233728793,4.0022426112776,-4.1176779171375,0.165650548806713,-47.5,-2.5
0.383728191000919,471887.714032487,3.38745192116688,4.09274502460724,-4.09165813473863,0.182702327814375,-46.5,-2.5
0.0941108050198959,115732.264889783,3.34721151824131,4.18254820886595,-4.07495505328398,0.215448178957892,-45.5,-2.5
0.687291092745638,845704.454422157,2.52421771242346,4.37989712282784,-3.78590773796945,0.15219747070619,-77.5,-1.5
0.382595653504744,470779.924004146,2.41077897466528,4.32302520467917,-3.79279470625679,0.146359023396805,-76.5,-1.5
0.0237955310682581,29280.1504808887,2.27015704462568,4.26056285822341,-3.81953124894597,0.151188643285825,-75.5,-1.5
0,0,2.151417761039,4.19467021217388,-3.85134378319153,0.157735897337728,-74.5,-1.5
0.0535047444138347,65837.0247499271,2.11483040880984,4.12757576573228,-3.87828325097596,0.159923058075885,-73.5,-1.5
0.0346372819100088,42620.8107591634,2.17252330217563,4.06071235122294,-3.89460592053121,0.161918313537259,-72.5,-1.5
0.0328068564432197,40368.4914914027,2.32035655551359,3.99373630801352,-3.90516966304377,0.165140987905074,-71.5,-1.5
0,0,2.60160943088798,3.92607131484821,-3.93011545403339,0.167494577919194,-70.5,-1.5
0,0,2.9481409017012,3.86292924675653,-3.98863693491603,0.172042983166236,-69.5,-1.5
0,0,2.93471405445014,3.83708655884955,-4.07612474912114,0.179870500172558,-68.5,-1.5
0,0,2.76774689721001,3.83285574155831,-4.17114758701505,0.18759835009321,-67.5,-1.5
0,0,2.84099552462861,3.82668631922571,-4.25784222400784,0.193597222200787,-66.5,-1.5
0.00183042546678908,2252.31926776066,2.98642002373921,3.83689097295805,-4.3301737306014,0.197077849559483,-65.5,-1.5
0,0,3.43314279346638,3.85473460332553,-4.38895588306824,0.196759384179125,-64.5,-1.5
0,0,3.69045698165722,3.85074632881054,-4.43655061338838,0.191283414611324,-63.5,-1.5
0.00428527701254972,5272.98825228253,3.84858149577979,3.83358719026366,-4.47338732491708,0.17984099353623,-62.5,-1.5
0.0842669115396384,103689.547560956,3.50588440281652,3.82986558744664,-4.49670719396773,0.162823434331506,-61.5,-1.5
0.155035200489746,190769.182127222,3.28496733587741,3.84393592801696,-4.49863476455208,0.144805833760759,-60.5,-1.5
0.101359044995408,124721.237847202,3.22166994704544,3.84321500467633,-4.46087370659043,0.14174128905745,-59.5,-1.5
0.0353412917049276,43487.0874006097,3.08546550950863,3.82918608185276,-4.38800477029184,0.149692607620022,-58.5,-1.5
0.0473767982858888,58296.6515491633,2.80983471776205,3.84844421192215,-4.28733183335,0.148953825903273,-57.5,-1.5
0.163820018365472,201578.8080444,2.78059347318202,3.85292531006199,-4.16758390998479,0.135635600966232,-56.5,-1.5
0.57003367003367,701420.430158985,2.99115256001414,3.87043296548881,-4.19718782486568,0.151910844937928,-55.5,-1.5
0.413106825834099,508323.600360399,3.16661456578613,3.88230848011476,-4.23716873710886,0.162562864695114,-54.5,-1.5
0.546850321395776,672893.563714137,3.29276659881069,3.8991942717766,-4.26824611560444,0.16083104182022,-53.5,-1.5
0.0774594429139877,95313.0290801865,3.51372634052485,3.90167632689524,-4.29579016843368,0.126891087776521,-51.5,-1.5
0.532482399755127,655213.987388269,3.40293494548019,4.0464077863734,-4.11617309772814,0.147781754760192,-47.5,-1.5
0.44877257422712,552209.92830011,3.36538920434142,4.12864735454106,-4.08955434650099,0.170801178271127,-46.5,-1.5
0.124260789715335,152901.593635473,3.32924111247721,4.21093885551355,-4.073475833546,0.20845620744022,-45.5,-1.5
0.552966023875114,680624.814229266,2.51415814913359,4.40733229799855,-3.80895727952881,0.152933902041795,-77.5,-0.5
0.633131313131314,779297.21497691,2.40462855828381,4.35498903513156,-3.80417771117831,0.137358794934066,-76.5,-0.5
0.0942699724517909,116033.317992588,2.27644822599137,4.29583570615718,-3.83324028838493,0.149670638390528,-75.5,-0.5
0.289311294765841,356102.251770357,2.17000204157522,4.23127722367335,-3.86200800139284,0.164871052924455,-74.5,-0.5
0,0,2.11801677572108,4.1621061715417,-3.88865438904051,0.172867935956624,-73.5,-0.5
0,0,2.14396570141752,4.08824927031247,-3.91408575163839,0.177146237657481,-72.5,-0.5
0,0,2.22830100386623,4.00907423078449,-3.94443687222463,0.179679641238642,-71.5,-0.5
0,0,2.38240841935656,3.92656368693403,-3.99077880837208,0.181041670993977,-70.5,-0.5
0,0,2.51841833349993,3.86305715469575,-4.06139444503675,0.18221070200427,-69.5,-0.5
0,0,2.40916655968062,3.8585246351277,-4.15261333744223,0.183788214043959,-68.5,-0.5
0.03900826446281,48013.7867555537,2.21514615748451,3.83963121450964,-4.24838773596816,0.18595796092309,-67.5,-0.5
0.0520110192837467,64018.3823407383,2.44101484505659,3.82095071038984,-4.3304304217982,0.18948010896032,-66.5,-0.5
0,0,2.82270740307255,3.82782717452098,-4.39301619490241,0.193520997940043,-65.5,-0.5
0,0,3.26485028479617,3.85165746523791,-4.44268998450488,0.195271180334517,-64.5,-0.5
0,0,3.43798494013427,3.85655676093858,-4.48529572524715,0.192631759743548,-63.5,-0.5
0.000514233241505951,632.950107888632,3.62120847117584,3.84686812385607,-4.52123850251653,0.185222128428381,-62.5,-0.5
0.010027548209366,12342.5271038283,3.44657559186762,3.8429887276557,-4.54586994498838,0.174562211224061,-61.5,-0.5
0.191606978879706,235841.731271512,3.19607155569058,3.84589986579831,-4.54995509010854,0.164770346711764,-60.5,-0.5
0.129678604224059,159616.453992921,2.99087819996855,3.84819288660255,-4.52297633888795,0.16079314810917,-59.5,-0.5
0,0,2.75135558978365,3.84684200638584,-4.4621613963666,0.160452030113381,-58.5,-0.5
0.0011570247933884,1424.13774274944,2.68246904861761,3.85145307674634,-4.37435439381776,0.156626693226971,-57.5,-0.5
0.0129843893480253,15981.990224188,2.86939226257811,3.85221566516347,-4.29015058531443,0.150717261573057,-56.5,-0.5
0.0632506887052324,77852.8632703023,2.92478879610734,3.8613634833082,-4.27144160592029,0.157681999609322,-55.5,-0.5
0.0437098255280061,53800.7591705341,2.97960981044622,3.87582313603575,-4.28157790768855,0.165263148204241,-54.5,-0.5
0.103948576675848,127946.343237491,3.1017039578482,3.8865075470511,-4.29076618443028,0.164813579273924,-53.5,-0.5
0.336437098255278,414107.608086149,3.22819996575395,3.88638428566544,-4.29303560917048,0.15751494016706,-52.5,-0.5
0.243562901744721,299792.297529263,3.3515099402852,3.89294322490779,-4.27711921160769,0.151790706446759,-51.5,-0.5
0.269709213345576,331974.796467266,2.49827306071835,4.43197698957922,-3.84200799832947,0.174639764324061,-77.5,0.5
0.865870829507194,1065767.41975918,2.3934876633799,4.38352363369903,-3.8433834841883,0.163699162988602,-76.5,0.5
0.482411998775636,593782.552402879,2.27014794881762,4.32729883487134,-3.85715935386731,0.167258684368101,-75.5,0.5
0.603067033976126,742292.239026421,2.17726462515043,4.26368135027755,-3.87758847919706,0.177204061443247,-74.5,0.5
0.00328741965105603,4046.3596182882,2.11660222861831,4.19269210888632,-3.90128580360932,0.184787398705501,-73.5,0.5
0.0460238751147844,56649.0346560348,2.09889703781823,4.11345805234082,-3.93034582066003,0.189032401908075,-72.5,0.5
0.235598408325682,289989.105977321,2.11374529340568,4.02500853230429,-3.97046152414564,0.190665799635978,-71.5,0.5
0.20710743801653,254920.655952157,2.14402691380693,3.92879175454748,-4.0290614091056,0.190160838326251,-70.5,0.5
0.0799938781756966,98461.4173783461,2.16283643136186,3.86146173478814,-4.11121330114376,0.187704269467409,-69.5,0.5
0,0,1.97750819867282,3.86094580427667,-4.21448393112876,0.183446812028908,-68.5,0.5
0.0151453933272114,18641.8877013871,1.79986174054137,3.83904935175377,-4.32233842135784,0.179263200132007,-67.5,0.5
0.102014080195899,125565.245212579,2.19863232894193,3.83013455788646,-4.40144775290488,0.180921765855287,-66.5,0.5
0,0,2.64999072894611,3.85672667555853,-4.44726369883748,0.187855495839583,-65.5,0.5
0,0,3.02861898986391,3.87987152281283,-4.48456359602081,0.19298964604712,-64.5,0.5
0,0,3.29905205801772,3.88196002227421,-4.52338772719496,0.193529067729391,-63.5,0.5
0,0,3.44401598582766,3.87222421012582,-4.56307522305899,0.189735169283682,-62.5,0.5
0,0,3.33328439606321,3.86513120691438,-4.5975184607209,0.183402126420776,-61.5,0.5
0.607291092745639,747491.472055505,3.09461592599368,3.86596171373428,-4.61652861111952,0.177213170478679,-60.5,0.5
0.345521885521886,425289.726658852,2.78574776476021,3.85966198691259,-4.60884299742731,0.173231552518977,-59.5,0.5
0,0,2.5022846841702,3.85544378969196,-4.56838957439564,0.170920955418626,-58.5,0.5
0,0,2.53627452555846,3.84674604609754,-4.50104267767998,0.168474184324531,-57.5,0.5
0,0,2.8397523642997,3.84573572970604,-4.42904726086874,0.166986568567812,-56.5,0.5
0,0,2.92300310555025,3.86327169544593,-4.37703261037615,0.169110978950534,-55.5,0.5
0,0,2.95048157830815,3.87126751817243,-4.34407792647771,0.171805818263694,-54.5,0.5
0.00476890113253735,5869.85873863389,2.94874525568863,3.87970187412955,-4.31885008494818,0.171469476435793,-53.5,0.5
0.094496479951024,116312.11744487,2.89043962726525,3.87080528824851,-4.29421511597312,0.168957797207774,-52.5,0.5
0.362350780532599,446003.772451541,3.02147137316197,3.88814821616327,-4.26446101162412,0.168169884741949,-51.5,0.5
0.264548515457604,325524.16333448,2.3812851207637,4.40942740853917,-3.8787026730446,0.188389169599426,-76.5,1.5
0.277545148454239,341516.38341962,2.25412674032357,4.35648637259884,-3.88353033739535,0.187560228097189,-75.5,1.5
0.488680746862565,601316.514609581,2.16579149966002,4.29510825801267,-3.89417141237551,0.191507771609253,-74.5,1.5
0.359320477502297,442140.064953894,2.10665507585778,4.22502829659116,-3.91099136461294,0.195700973198555,-73.5,1.5
0.387756351392716,477130.108427968,2.06448756226856,4.14547088558305,-3.93715571122971,0.198071319486246,-72.5,1.5
0.330413223140496,406569.992772066,2.03155490109883,4.05626018261213,-3.9782190839838,0.198169500125731,-71.5,1.5
0.344328129782676,423692.138911264,1.9778203438725,3.96014795342171,-4.04049181182575,0.19582332534323,-70.5,1.5
0.0408386899295989,50251.5780442526,1.93060816497834,3.87786745212466,-4.12876043261775,0.190534313837758,-69.5,1.5
0,0,1.74537815250221,3.86884230403046,-4.24425152778123,0.181364961906048,-68.5,1.5
0.00990511172329353,12188.1357031331,1.69980729898766,3.85586985040385,-4.38074172759988,0.168029615954259,-67.5,1.5
0.11774716865626,144886.651492004,2.03383865732592,3.87510025390133,-4.45861119247218,0.168508734361792,-66.5,1.5
0,0,2.49892898395897,3.89803189701936,-4.47431967606308,0.182388778802773,-65.5,1.5
0,0,2.90743628767934,3.89752238726396,-4.5011926788184,0.190692276175025,-64.5,1.5
0,0,3.24143797306436,3.87543224528577,-4.54129500714666,0.193175255559515,-63.5,1.5
0,0,3.44090479633953,3.85688963569911,-4.59157794967472,0.191230774130415,-62.5,1.5
0.110805019895929,136344.410523306,3.41866717846556,3.86037926375357,-4.64556805056246,0.186792506642086,-61.5,1.5
0.87141108050199,1072262.16110166,3.13150470375161,3.87333828557426,-4.69143672446797,0.181870196960672,-60.5,1.5
0.208821548821548,256952.717533728,2.78131772281776,3.87377453238296,-4.71273020014842,0.178008459066168,-59.5,1.5
0,0,2.57255573442162,3.87910321663708,-4.69551307405611,0.175859418719008,-58.5,1.5
0,0,2.56576788754677,3.86090754585982,-4.63932053662894,0.175170753373973,-57.5,1.5
0,0,2.68982151454449,3.85266457589566,-4.56027580945666,0.175452113264976,-56.5,1.5
0,0,2.85346921651224,3.87035140545422,-4.47908074377817,0.176130669172042,-55.5,1.5
0,0,2.91096491490646,3.88036063261072,-4.4071372359402,0.175978945832875,-54.5,1.5
0,0,2.86745698634512,3.8929376103273,-4.3467817346797,0.17465020456109,-53.5,1.5
0.020440771349862,25152.1539633875,2.767329061088,3.88509551113855,-4.29656763783655,0.17410614569297,-52.5,1.5
0.121701867156412,149752.866364824,2.77333889922697,3.89065843792838,-4.25330055118465,0.176673791889837,-51.5,1.5
0.0705907560453013,86861.1821958142,2.94330149095227,3.93896626904822,-4.21415234191295,0.182398922589547,-50.5,1.5
0.376565656565656,463079.625180534,2.13952640065172,4.32775178657948,-3.90842230349643,0.2036343576983,-74.5,2.5
0.377043158861341,463666.831103999,2.08545139407279,4.26205898750765,-3.91428020326962,0.204146575528972,-73.5,2.5
0.41603305785124,511614.453239108,2.03691773675631,4.18814936518334,-3.93093317149207,0.203957985806533,-72.5,2.5
0.179008264462809,220134.46676915,1.98659764920597,4.10759933848937,-3.96452951795742,0.202355486782093,-71.5,2.5
0.0269054178145078,33086.7953028414,1.92125892839845,4.02598461288422,-4.02122334436637,0.198907443937685,-70.5,2.5
0.00275482093663903,3387.72648151961,1.83415841020688,3.96347760547127,-4.10510339566963,0.192932837492085,-69.5,2.5
0.0392102846648302,48218.6402536307,1.76353232751628,3.93794281375577,-4.21622574953281,0.183501343302101,-68.5,2.5
0.373792470156108,459669.313855807,1.79336231639373,3.92882662953329,-4.34456118240412,0.171203124626624,-67.5,2.5
0.00899908172635415,11066.573172964,2.04907926762803,3.9362954687107,-4.42240773965921,0.171077897379274,-66.5,2.5
0,0,2.42590072995236,3.933083028398,-4.44662171520246,0.182596945661699,-65.5,2.5
0,0,2.79796975684607,3.89810760318133,-4.47968086759348,0.189738719299252,-64.5,2.5
0,0,3.15633605728191,3.85395322316717,-4.52932201043616,0.191428349256091,-63.5,2.5
0,0,3.48050509045971,3.84105209454175,-4.59666114406798,0.189009136292147,-62.5,2.5
0.512194674012853,629868.692287352,3.36599363794311,3.86325579361393,-4.67926525335916,0.184347435760602,-61.5,2.5
0.506740128558309,623160.993853945,3.13081206947728,3.89523719240309,-4.76540047018431,0.179046324758838,-60.5,2.5
0.139044995408632,170989.847943905,2.81406804595805,3.92482606478541,-4.82906552726659,0.174522282934545,-59.5,2.5
0,0,2.62111663199768,3.93354995576551,-4.83879625165399,0.172815607515164,-58.5,2.5
0,0,2.55827968193362,3.92227954112218,-4.78358365847787,0.174554213988281,-57.5,2.5
0,0,2.61544938453924,3.91601503390336,-4.68359964116045,0.177086669230242,-56.5,2.5
0,0,2.72228298623086,3.92246547411972,-4.56837599091489,0.17766033527084,-55.5,2.5
0,0,2.76455113823308,3.93075234712491,-4.45837553311626,0.175225974623408,-54.5,2.5
0,0,2.71551267622277,3.92919013335435,-4.36477330301258,0.171265008900578,-53.5,2.5
0.00119375573921024,1468.01480865849,2.62824323099306,3.90303918929741,-4.2920573710403,0.17091564180644,-52.5,2.5
0.095941230486685,117983.220929727,2.58174904828034,3.86850575460762,-4.238000457727,0.177838000633026,-51.5,2.5
0.195506580961127,240204.82812817,1.97016754932004,4.17233270424824,-3.92898103928294,0.202809905976743,-71.5,3.5
0.0872053872053875,107142.966454339,1.91908994727764,4.10913186451374,-3.97164072705885,0.199178191868794,-70.5,3.5
0,0,1.85357706165507,4.06042776012704,-4.04179424348929,0.194693406808976,-69.5,3.5
0.113774104683196,139786.032401116,1.83568109580375,4.0313265077103,-4.13505203041798,0.189043546699418,-68.5,3.5
0.335684113865932,412430.847494364,1.91770912724128,4.01544619163068,-4.2349314972306,0.183852922618991,-67.5,3.5
0,0,2.12581871873054,4.00284381501662,-4.31374528765674,0.183579763072404,-66.5,3.5
0,0,2.41047868873004,3.97624855436395,-4.36785028941579,0.187501293128497,-65.5,3.5
0,0,2.69956961343114,3.92069071402141,-4.41901616076104,0.189820912942482,-64.5,3.5
0,0,2.93169062300288,3.87121059136321,-4.48216108606877,0.188082601838771,-63.5,3.5
0.0486991123354758,59833.0851628124,3.03438426651618,3.87842714732159,-4.56726045329763,0.182940102577016,-62.5,3.5
0.365301499846952,448819.592436874,2.99723145465334,3.90685985929619,-4.68264437280151,0.176450374447081,-61.5,3.5
0.0323293541475345,39720.7445310873,2.88668669940421,3.94254644838595,-4.82406093130609,0.169875521201697,-60.5,3.5
0.179846954392409,220964.974973364,2.74089356773433,3.97596985020406,-4.95377681496273,0.163171877895584,-59.5,3.5
0.0430364248546068,52875.7496787648,2.63173619176132,3.99472240095882,-5.00045354963335,0.161081913146581,-58.5,3.5
0,0,2.58623009558125,3.99866361788462,-4.93095831769643,0.167777703671478,-57.5,3.5
0,0,2.61572349435618,3.99787673840573,-4.79301858942638,0.174505459854042,-56.5,3.5
0.00453014998469545,5565.8683872384,2.65733718047826,3.99730448622516,-4.63744692529826,0.175975947106765,-55.5,3.5
0.432629323538416,531540.430981268,2.65036729126141,3.99244870051927,-4.48874810982706,0.171128403912372,-54.5,3.5
0.0385062748699114,47309.8812915265,2.58441670297466,3.97430850269894,-4.36276414072651,0.161714098575299,-53.5,3.5
0.118916437098255,146104.045165007,2.53751535863642,3.93711375031909,-4.2727420029769,0.158587358307252,-52.5,3.5
0.103685338230793,127390.69307386,2.62919501535284,3.91482659043018,-4.21413964279018,0.174231877796565,-51.5,3.5
0.00774410774410739,9503.0979662272,1.92723619483085,4.11998181842263,-4.02739811231578,0.192296860522837,-68.5,4.5
0.0859259259259252,105443.069607881,2.00899349524319,4.09738311252197,-4.1149109148249,0.191509811364137,-67.5,4.5
0,0,2.17829374433877,4.07394765846257,-4.19601934987418,0.191682069833014,-66.5,4.5
0,0,2.40093310065003,4.04044824097515,-4.26560134044923,0.191846048338384,-65.5,4.5
0,0,2.61806921611314,3.99515379530219,-4.33065399405135,0.189521108780596,-64.5,4.5
0,0,2.75935040228353,3.96214386836643,-4.40209777728824,0.183108902918914,-63.5,4.5
0.00289562289562272,3553.33228302403,2.78706227584774,3.95667089031803,-4.49428716010529,0.173251126735752,-62.5,4.5
0.216498316498315,265673.564881927,2.73274247507906,3.96303981341325,-4.63227725085501,0.163677623835731,-61.5,4.5
0.00579124579124581,7106.66456604851,2.65963061065717,3.98766994214799,-4.83765527212498,0.157475305195544,-60.5,4.5
0.243703703703704,299058.36121546,2.62512594495471,4.02870156434075,-5.07460588099744,0.148837905088479,-59.5,4.5
0.454747474747476,558038.439703786,2.60252659451694,4.05696821932337,-5.18881078085689,0.142142057420815,-58.5,4.5
0.301077441077442,369463.921800034,2.60943983141898,4.0702885489677,-5.06136895284282,0.160514723258171,-57.5,4.5
0.455622895622897,559112.702952142,2.63191500466796,4.07356349443366,-4.86906631629193,0.172502943937228,-56.5,4.5
0.57838383838384,709757.464625473,2.62300620126724,4.06977628187222,-4.67680109945881,0.17537700856068,-55.5,4.5
0.824781144781146,1012121.25122049,2.55491706741099,4.05710546620955,-4.49456503126596,0.169040261404324,-54.5,4.5
0.235824915824916,289389.991980254,2.4776831385468,4.0317488281989,-4.33122022384583,0.155342817091327,-53.5,4.5
0.364242424242424,446976.146950654,2.47506447986187,4.00059347680225,-4.22645378837093,0.151032323801865,-52.5,4.5
0.241597796143251,296024.739379535,2.11039182338058,4.17570430051237,-3.99455514177116,0.194359670994019,-67.5,5.5
0.00925619834710746,11341.4267310745,2.2315110708819,4.14922421484143,-4.08004082677922,0.195766400802324,-66.5,5.5
0,0,2.39054133078716,4.11831314636387,-4.15842391986821,0.194392245640904,-65.5,5.5
0,0,2.54531667796281,4.08536374505514,-4.23061545922831,0.188818219133393,-64.5,5.5
0,0,2.63551558498035,4.0602514593819,-4.30216856667786,0.178005910823993,-63.5,5.5
0,0,2.64574138198373,4.04875681909275,-4.38261539180619,0.162036673938141,-62.5,5.5
0.0603856749311286,73989.3077217707,2.58947255041347,4.04647374356428,-4.50324981678035,0.145642178324207,-61.5,5.5
0.0477134986225897,58462.3544589914,2.52237552156379,4.05660564679843,-4.75881385481558,0.14674210785624,-60.5,5.5
0.229917355371901,281712.938980797,2.53921288830191,4.09324704218843,-5.07616969848189,0.146610411928786,-59.5,5.5
0.905730027548211,1109772.10733413,2.56679205614,4.12295868972446,-5.27771642922593,0.145631552364895,-58.5,5.5
0.407878787878788,499765.369584194,2.59199021879275,4.13961487517548,-5.0850688830467,0.163524607177929,-57.5,5.5
0.418787878787879,513132.051088675,2.58904911485062,4.1450086354777,-4.87821638842292,0.176356741232114,-56.5,5.5
0.690798898071626,846421.478298883,2.53781057155709,4.14087392351858,-4.67919731323671,0.180173517125923,-55.5,5.5
0.726887052341597,890639.540851583,2.4564737714699,4.12713567355578,-4.48766246485309,0.174841226666799,-54.5,5.5
0.409256198347108,501453.081895367,2.41370065326979,4.10388688079181,-4.30232452112392,0.161964259494465,-53.5,5.5
0.209641873278238,256402.130315855,2.26482847001613,4.22473516530198,-3.97465820773647,0.197870792853574,-66.5,6.5
0,0,2.36496841210759,4.19836010491809,-4.05931362303298,0.19643410921071,-65.5,6.5
0,0,2.46728363639526,4.17311048985039,-4.1353734459603,0.189286424982862,-64.5,6.5
0.0210468319559228,25741.2914009608,2.54014318958369,4.15328716722848,-4.20560633383667,0.176013679296924,-63.5,6.5
1.49546735570446e-16,1.82902876140368e-10,2.55858671472871,4.14199324656459,-4.27681312894847,0.157481151898262,-62.5,6.5
0.129335782063054,158183.904429348,2.52970943604943,4.13990699673997,-4.37575826632406,0.13931023593364,-61.5,6.5
0.302258953168045,369677.289595999,2.49625291042112,4.1495971929363,-4.62178834272656,0.147149975346897,-60.5,6.5
0.892066115702482,1091039.91903916,2.50224672802423,4.1713495283716,-4.88043249775274,0.157260463428777,-59.5,6.5
0.717930823385368,878064.051121664,2.53198741827274,4.19382287543875,-5.01122511126378,0.165542152075417,-58.5,6.5
0.018904193449648,23071.5700795216,2.35886747600786,4.27433798201755,-3.97850882711437,0.199987052373317,-65.5,7.5
0.0460789715335171,56236.9520688339,2.42844386257473,4.25452469911703,-4.05732371051791,0.192846416128478,-64.5,7.5
0.112794612794613,137659.870050254,2.48637209492088,4.23912374866982,-4.12891986049166,0.179198357641781,-63.5,7.5
0.160685644322008,196108.345675933,2.511795027574,4.23007706612164,-4.20215984794817,0.160903321461278,-62.5,7.5
0.34833792470156,425128.046986675,2.51198485499435,4.22883708022885,-4.31386154025515,0.149719769808722,-61.5,7.5
0.482834404652587,589273.900175501,2.50408426038457,4.23605943959295,-4.50193091019098,0.159352404621995,-60.5,7.5
0.552457912457912,674245.715756587,2.50835991049691,4.25000806031895,-4.6865640553148,0.172518092295347,-59.5,7.5
0.0626629935720844,76290.7342271954,2.53306717349215,4.30828601235814,-4.24931554043694,0.163203293527434,-61.5,8.5
0.00738292011019137,8988.53316510155,2.54892769918832,4.31341036769258,-4.39998155813124,0.17690709122043,-60.5,8.5
0.0642118151209059,77961.978070455,2.59324729197025,4.37680602188812,-4.2144608237185,0.195454075921637,-61.5,9.5
0,0,1.23471600982853,4.06588760220553,-3.50163383866924,0.165205523206729,-61.5,-16.5
0.110688705234163,131323.675117609,1.50762405946311,4.05234040166713,-3.52721230654766,0.138773815733434,-62.5,-15.5
0.0923966942148775,113211.741833406,2.44483636481543,4.08786361890919,-4.18518043219937,0.161510238088825,-52.5,5.5
