"source","idPlot","year","volume","volGain","pRecruitment","volMort"
"TmFO","bsl_1",1993,90.7724518224133,NA,NA,NA
"TmFO","bsl_1",1994,75.1377363691074,1.32028642740563,0.312287385055129,16.9550018807115
"TmFO","bsl_1",1995,76.4190770747332,3.89703688809154,0.544607038637774,2.61569618246573
"TmFO","bsl_1",1997,84.9142919237139,5.17424563788622,0.644953217940978,0.926638213395834
"TmFO","bsl_1",1999,86.3541006013535,3.70937409845333,0.542575731786479,2.98946975963357
"TmFO","bsl_1",2001,90.6144726011982,3.23839148817174,0.577039841060014,1.10820548824936
"TmFO","bsl_1",2008,107.531450724884,4.45600886140415,0.549395373588703,2.03929770087758
"TmFO","chb_1",2001,81.1351483486507,NA,NA,NA
"TmFO","chb_1",2004,71.9805586091417,1.452648546971,0.431052037299096,4.50417846014067
"TmFO","chb_1",2007,75.9883507376677,2.40386714422103,0.497729649111188,1.06793643471238
"TmFO","chb_1",2011,78.1621651921395,1.34405956402837,0.590226136651007,0.800605950410421
"TmFO","cum_1",2002,89.8147759120652,NA,NA,NA
"TmFO","cum_1",2007,77.5293538006922,2.16803744369778,0.534403061159592,4.62512186597238
"TmFO","cum_1",2011,71.979712818307,1.21817549286359,0.505587167251826,2.60558573845987
"TmFO","eco_2",2004,111.761764086322,NA,NA,NA
"TmFO","eco_2",2005,71.220839754016,1.25681908502402,0.678696285343528,41.7977434173303
"TmFO","eco_2",2006,70.6985536496474,2.56115654957828,0.518775428429488,3.08344265394688
"TmFO","eco_2",2008,71.0240600629426,1.37124366278411,0.564740039528731,1.20849045613653
"TmFO","eco_2",2010,72.9335737264921,2.18215950466901,0.613361081822961,1.22740267289424
"TmFO","eco_2",2012,74.4533127237315,1.87391620315552,0.533769179005709,1.1140467045358
"TmFO","inp_1I",2002,24.0895676574745,NA,NA,NA
"TmFO","inp_1I",2003,12.6074896719741,0.955793627259871,0.834018917088234,12.4378716127602
"TmFO","inp_1I",2004,11.9866133761074,0.0667718984053135,0,0.687648194272037
"TmFO","inp_1I",2006,12.0144250571272,0.209893834576544,0.704953607190699,0.195987994066637
"TmFO","inp_1I",2009,11.7729421233475,0.233156331008024,0.558176304256966,0.313650642267917
"TmFO","inp_1I",2012,11.1927154999939,0.252110009574352,0.707924480314815,0.445518884025556
"TmFO","inp_1M",2002,30.0356155365613,NA,NA,NA
"TmFO","inp_1M",2003,22.936130018356,0.806174730483744,0.778884022445797,7.90566024868905
"TmFO","inp_1M",2004,22.9443475363691,0.152137308403788,1.37534606940902,0.143919790390715
"TmFO","inp_1M",2006,22.1189814318809,0.253040315403013,0.542008145859208,0.66572336764709
"TmFO","inp_1M",2009,22.8642079789385,0.660798127086888,0.60521123402683,0.41238927806769
"TmFO","inp_1M",2012,24.7552326568401,0.780366735027118,0.728792452485718,0.150025175726574
"TmFO","inp_1N",2002,22.9152486642111,NA,NA,NA
"TmFO","inp_1N",2003,16.6047626763896,0.917789536834298,0.77988219859601,7.22827552465578
"TmFO","inp_1N",2004,16.55944288729,0.0251130138514397,0,0.0704328029510655
"TmFO","inp_1N",2006,16.466749559854,0.37140391793307,0.860806783880081,0.417750581651058
"TmFO","inp_1N",2009,17.2553033310428,0.450096611772174,0.58466251596345,0.187245354709247
"TmFO","inp_1N",2012,17.9238701256715,0.599180054713176,0.787759037688461,0.376324456503599
"TmFO","inp_1T",2002,44.7773366090258,NA,NA,NA
"TmFO","inp_1T",2003,45.3563110661229,1.35254558333676,0.688411728291739,0.773571126239676
"TmFO","inp_1T",2004,45.4454462147937,0.434224683774903,0.743303542304758,0.345089535104054
"TmFO","inp_1T",2006,45.2800387481975,0.667558964641599,0.594883900303738,0.750262697939706
"TmFO","inp_1T",2009,48.0141471281907,1.53275900301979,0.619392317986608,0.62138954302205
"TmFO","inp_1T",2012,49.8991951698307,1.07589021721307,0.664110383806918,0.447540869999732
"TmFO","inp_2I",2003,37.93115051952,NA,NA,NA
"TmFO","inp_2I",2004,27.3897059982292,0.555214750012238,0.686200772378478,11.096659271303
"TmFO","inp_2I",2005,27.3390963705617,0.957884226644054,0.638907999668611,1.00849385431154
"TmFO","inp_2I",2007,28.1020424742753,1.11472265828697,0.622188481974837,0.733249606430178
"TmFO","inp_2I",2011,29.5594716533741,0.931391922035124,0.755708057000699,0.567034627260421
"TmFO","inp_2I",2013,29.7540664452003,1.22511399635002,0.644504165103944,1.1278166004369
"TmFO","inp_2M",2003,15.9084640795273,NA,NA,NA
"TmFO","inp_2M",2004,11.4952245039118,0.328107982533449,0.611129818496727,4.74134755814893
"TmFO","inp_2M",2005,11.4780506429583,0.480938852655589,0.948304286623359,0.498112713609127
"TmFO","inp_2M",2007,12.2182027438436,0.76481962208743,0.749739547565472,0.394743571644741
"TmFO","inp_2M",2011,13.5914843294584,0.475245538149882,0.72602923952002,0.131925141746201
"TmFO","inp_2M",2013,14.4600315155053,0.792545697508251,0.700127575548006,0.358272104484772
"TmFO","inp_2N",2003,23.1203235407359,NA,NA,NA
"TmFO","inp_2N",2004,18.8021762254392,0.528337494967152,1.0409589926028,4.84648481026393
"TmFO","inp_2N",2005,19.0827030483302,0.866681131078326,0.712861423100345,0.586154308187249
"TmFO","inp_2N",2007,20.6068502449235,1.06530362422887,0.729918930720487,0.303230025932258
"TmFO","inp_2N",2011,21.4948284438913,0.589852399771612,0.713849549932471,0.367857850029647
"TmFO","inp_2N",2013,22.4775324138091,1.51728637320835,0.770240076911491,1.02593438824949
"TmFO","inp_2T",2003,20.2583501817079,NA,NA,NA
"TmFO","inp_2T",2004,20.1478647550259,0.0730262149305419,2.02297766154125,0.183511641612518
"TmFO","inp_2T",2005,20.3813502224982,0.934565644953129,0.638854719140485,0.701080177480859
"TmFO","inp_2T",2007,22.3276134189055,1.59112383073587,0.806780234095876,0.617992232532215
"TmFO","inp_2T",2011,24.362721919948,0.938945883677834,0.799644669827739,0.430168758417208
"TmFO","inp_2T",2013,25.1389200220058,1.25741844316058,0.714042323710555,0.869319392131709
"TmFO","ira_1",2002,56.3762683887303,NA,NA,NA
"TmFO","ira_1",2004,51.8237679779169,2.35125034711567,0.435497101523043,4.6275005525224
"TmFO","ira_1",2007,48.4477723805829,1.5189966302805,0.584443549046298,2.64432849605849
"TmFO","ira_1",2010,48.1834721904045,1.49469487808187,0.491687167089266,1.58279494147467
"TmFO","ira_1",2015,49.2739289857535,1.14992571532063,0.644212929862031,0.931834356250839
"TmFO","ita_2B",1996,107.350337694468,NA,NA,NA
"TmFO","ita_2B",1998,79.527318107326,1.80484648052397,0.612157362657107,15.7163562740948
"TmFO","ita_2B",2001,78.9762333715518,1.83527157948275,0.567770822092958,2.01896649140747
"TmFO","ita_2B",2014,93.5154561370039,2.32521559453276,0.599189085261503,1.20681384334414
"TmFO","ita_2C",1997,80.6886168515954,NA,NA,NA
"TmFO","ita_2C",2001,67.9324732745999,0.972631124234872,0.7348108017136,4.16166701848377
"TmFO","ita_2C",2014,71.8186054433513,1.64490299806358,0.651667567769911,1.34596975431346
"TmFO","ita_2D",1998,135.014195494532,NA,NA,NA
"TmFO","ita_2D",2001,107.838798741473,2.46668101156163,0.561591604003366,11.5251465959149
"TmFO","ita_2D",2014,115.889702095646,2.24902342572188,0.532535064746972,1.62972316770854
"TmFO","jar_0",1984,115.419852769553,NA,NA,NA
"TmFO","jar_0",1986,115.3637758881,0.797642140206934,0,0.825680580933165
"TmFO","jar_0",1988,117.157009961042,1.7768325041868,0.364519177912638,0.880215467715837
"TmFO","jar_0",1990,110.094277702047,2.08152761877716,0.635888284875338,5.61289374827492
"TmFO","jar_0",1994,113.304630750668,1.93033677070578,0.581683876835202,1.12774850855051
"TmFO","jar_0",1996,114.382703848008,2.12605140564182,0.517437838165887,1.58701485697197
"TmFO","jar_0",2004,107.507863822863,1.47662348936897,0.587065512782511,2.335978492512
"TmFO","jar_0",2011,96.8143141412712,1.67761858752973,0.466769528086894,3.2052685420429
"TmFO","jar_1",1984,122.684982379888,NA,NA,NA
"TmFO","jar_1",1986,91.3463496669894,2.05867563499608,0.635894643295197,17.7279919914455
"TmFO","jar_1",1988,92.2725245399673,2.3550827641573,0.525681005433867,1.89199532766833
"TmFO","jar_1",1990,90.4135134665147,2.06066228375453,0.434209180220436,2.99016782048085
"TmFO","jar_1",1994,95.7038867935195,2.06588764648468,0.489341638748116,0.743294314733491
"TmFO","jar_1",1996,96.6573863901629,1.71978608587279,0.383428397544514,1.24303628755107
"TmFO","jar_1",2004,98.8950209190973,1.78185163813884,0.512562260668606,1.50214732202205
"TmFO","jar_1",2011,106.029424933103,2.23002760248563,0.612031872529609,1.21082702905621
"TmFO","jar_3",1984,115.047542963797,NA,NA,NA
"TmFO","jar_3",1986,87.9927410709225,1.55064469535036,0.491148753456655,15.0780456417878
"TmFO","jar_3",1988,88.7928648200604,2.01145363690081,0.462393980867151,1.61139176233186
"TmFO","jar_3",1990,86.7667830168446,2.03040351174166,0.399242010049527,3.04344441334958
"TmFO","jar_3",1994,90.5805090995452,1.90801239959129,0.492303180397702,0.954580878916146
"TmFO","jar_3",1996,85.4890680261366,1.55178868359234,0.356747758218989,4.09750922029663
"TmFO","jar_3",2004,83.7641430202586,1.71700323734661,0.585989493145041,1.93261886308137
"TmFO","jar_3",2011,86.4946408021762,1.81167814124605,0.596101651790835,1.42160702954353
"TmFO","lch_1I",2001,56.2911914291199,NA,NA,NA
"TmFO","lch_1I",2002,41.6152532352101,1.0327543911122,0.693925051913716,15.7086925850219
"TmFO","lch_1I",2003,41.9719872699143,1.47817196120489,0.793539769404963,1.12143792650071
"TmFO","lch_1I",2005,42.6999039503596,1.18000241619005,0.752060657022372,0.816044075967382
"TmFO","lch_1I",2007,44.8016889181601,1.78988017226885,0.682526943607155,0.738987688368641
"TmFO","lch_1I",2009,47.1720023985792,1.54059310996901,0.640033176466365,0.355436369759459
"TmFO","lch_1M",2001,57.9174241712088,NA,NA,NA
"TmFO","lch_1M",2002,49.7104875636182,2.01159385702917,0.798086972328716,10.2185304646198
"TmFO","lch_1M",2003,50.4132420292269,1.54649487592535,0.736102670356186,0.843740410316648
"TmFO","lch_1M",2005,48.4834358987245,0.895063825295675,0.550782841797584,1.85996689054689
"TmFO","lch_1M",2007,49.4455837391296,1.72932560801455,0.567987525826454,1.24825168781196
"TmFO","lch_1M",2009,47.3761586385622,1.27079028170622,0.496050510708612,2.30550283198992
"TmFO","lch_1N",2001,39.7081791858671,NA,NA,NA
"TmFO","lch_1N",2002,34.4716525093724,1.57347417896275,0.74703055559311,6.81000085545745
"TmFO","lch_1N",2003,35.097757750768,1.57424578550183,0.83010122718845,0.948140544106201
"TmFO","lch_1N",2005,35.1854470090317,0.805057610866688,0.467977035510997,0.76121298173483
"TmFO","lch_1N",2007,35.9696616536013,1.27060620271104,0.548017288330489,0.878498880426242
"TmFO","lch_1N",2009,36.8145304716742,1.55938792332101,0.582895138505136,1.13695351428459
"TmFO","lch_1T",2001,47.5035651615039,NA,NA,NA
"TmFO","lch_1T",2002,46.7786088623633,0.993233297301243,0.54190917639746,1.71818959644189
"TmFO","lch_1T",2003,46.9405613741971,1.00854695400439,0.655557656806013,0.846594442170571
"TmFO","lch_1T",2005,43.7392683446782,1.18069601102463,0.613535050896917,2.7813425257841
"TmFO","lch_1T",2007,43.1443306095411,0.881946108898827,0.346985667920682,1.17941497646735
"TmFO","lch_1T",2009,43.1733395477907,1.49191686929598,0.548483376061421,1.47741240017117
"TmFO","lch_2I",2000,62.0825578963169,NA,NA,NA
"TmFO","lch_2I",2001,42.9714648422737,1.75240059426708,0.709648053184367,20.8634936483103
"TmFO","lch_2I",2002,43.9141473559447,1.61947074881383,0.650456070077249,0.67678823514284
"TmFO","lch_2I",2004,43.7888979436757,1.23902858951401,0.654118451370012,1.30165329564853
"TmFO","lch_2I",2006,45.192209630751,1.33237383399295,0.519394976377892,0.630717990455257
"TmFO","lch_2I",2009,48.7397498068656,1.65711270665685,0.637743131659772,0.474599314618667
"TmFO","lch_2I",2010,48.3949116756812,1.83380974110142,0.583944661752904,2.17864787228586
"TmFO","lch_2M",2000,61.044572135361,NA,NA,NA
"TmFO","lch_2M",2001,47.0123193343432,0.91964099790332,0.706336420056719,14.9518937989211
"TmFO","lch_2M",2002,48.0667236495184,1.52793292206048,0.631121840716604,0.473528606885306
"TmFO","lch_2M",2004,49.0476596787996,1.49396041216356,0.673981355662482,1.00349239752295
"TmFO","lch_2M",2006,45.5613118984263,1.19727271688018,0.544089533946063,2.94044660706688
"TmFO","lch_2M",2009,46.8849577948833,1.51871940848644,0.496648885673841,1.07750410966744
"TmFO","lch_2M",2010,45.5381397573388,1.1744620466203,0.421117630621178,2.52128008416477
"TmFO","lch_2N",2000,68.4179664168571,NA,NA,NA
"TmFO","lch_2N",2001,49.645045371576,1.25285433096376,0.754404707836809,20.0257753762449
"TmFO","lch_2N",2002,49.6007346535963,1.07978563500119,0.53465550108144,1.12409635298087
"TmFO","lch_2N",2004,50.4776622333192,1.34389022064737,0.596737139035077,0.905426430785943
"TmFO","lch_2N",2006,49.6079121732637,1.16452088718032,0.626565105192955,1.59939591720809
"TmFO","lch_2N",2009,51.6268393909717,1.60261454923702,0.551431456775927,0.929638810000994
"TmFO","lch_2N",2010,53.7068525149832,2.81409743337627,0.620697971557055,0.734084309364802
"TmFO","lch_2T",2000,54.6510892511338,NA,NA,NA
"TmFO","lch_2T",2001,55.1230342072307,1.13645521897396,0.627321057741747,0.664510262877107
"TmFO","lch_2T",2002,55.5557848799471,1.12068473347852,0.689136055088385,0.687934060762135
"TmFO","lch_2T",2004,55.5122789196372,1.08442676174429,0.615402749457396,1.10617974189923
"TmFO","lch_2T",2006,53.2504029706424,1.75802311816516,0.650825732071983,2.88896109266255
"TmFO","lch_2T",2009,51.7936859904457,1.70773026520557,0.606503539674301,2.19330259193779
"TmFO","lch_2T",2010,51.7505629421088,1.74131099475618,0.516915572414651,1.78443404309316
"TmFO","lch_3I",2001,70.5297631582965,NA,NA,NA
"TmFO","lch_3I",2002,52.1453471029301,1.70891160574922,0.838069021008832,20.0933276611155
"TmFO","lch_3I",2003,51.4688629911406,1.5154898724898,0.610572058459525,2.1919739842793
"TmFO","lch_3I",2005,52.0252336615387,1.6022066531249,0.630452979613026,1.32402131792585
"TmFO","lch_3I",2007,54.4036339054774,1.9924329683917,0.596415886992175,0.803232846422354
"TmFO","lch_3I",2009,57.3969009429192,1.83907904087277,0.484254223554722,0.342445522151867
"TmFO","lch_3I",2011,57.9117734499605,1.3309147826911,0.370279478832991,1.07347852917044
"TmFO","lch_3M",2001,58.1174517148301,NA,NA,NA
"TmFO","lch_3M",2002,45.3812359907183,1.08339258214806,0.628138300323442,13.8196083062598
"TmFO","lch_3M",2003,45.5526567219961,1.53663125949428,0.621473316506527,1.36521052821656
"TmFO","lch_3M",2005,46.0061092093403,1.3401804494096,0.461198363004128,1.11345420573749
"TmFO","lch_3M",2007,46.3926773271503,1.62433652457716,0.550195661458428,1.43105246567216
"TmFO","lch_3M",2009,49.8529577506032,2.40325913456206,0.59747980420673,0.673118922835612
"TmFO","lch_3M",2011,51.9006553783945,2.0886487307024,0.596249688190387,1.06479991680676
"TmFO","lch_3N",2001,73.2906005060626,NA,NA,NA
"TmFO","lch_3N",2002,59.1986453864245,1.67108224788823,0.809464695223906,15.7630373675263
"TmFO","lch_3N",2003,58.8816297928523,1.05086014685283,0.451757624072739,1.36787574042504
"TmFO","lch_3N",2005,58.1214963758059,1.35782568478935,0.619107286863602,1.73789239331253
"TmFO","lch_3N",2007,57.9837944085865,1.32274630111718,0.508373369217257,1.39159728472692
"TmFO","lch_3N",2009,60.3598410155115,1.69346963526639,0.450095086590122,0.505446331803872
"TmFO","lch_3N",2011,61.8543853312704,1.81889152105119,0.446279782996811,1.07161936317175
"TmFO","lch_3T",2001,81.6659975839054,NA,NA,NA
"TmFO","lch_3T",2002,84.0544140391798,3.20788128716216,0.810378465984861,0.819464831887781
"TmFO","lch_3T",2003,84.0180638841194,1.30904622944423,0.637185916717764,1.34539638450458
"TmFO","lch_3T",2005,82.779857286233,1.50777691267437,0.507425536093288,2.12688021161758
"TmFO","lch_3T",2007,83.4391235561352,1.7153884894283,0.492221172806871,1.38575535447719
"TmFO","lch_3T",2009,84.1401876849123,1.66346574251459,0.421323215428117,1.31293367812608
"TmFO","lch_3T",2011,82.5131937758377,1.8805563103028,0.386112532514546,2.69405326484005
"TmFO","pet_1",2003,106.345921237467,NA,NA,NA
"TmFO","pet_1",2004,94.8394990681952,2.51751662307032,0.469429067289588,14.0239387923426
"TmFO","pet_1",2008,97.0224370153614,1.98176443112306,0.348166615161516,1.43602994433152
"TmFO","pet_1",2011,98.8177913763885,2.15584348708756,0.443708160326316,1.55739203341187
"TmFO","prc_1",1984,87.4608612548603,NA,NA,NA
"TmFO","prc_1",1985,87.5774370970058,1.26808226224133,0.521693613638527,1.15150642009582
"TmFO","prc_1",1986,87.52916641688,0.297104606251776,0,0.345375286377558
"TmFO","prc_1",1987,86.1619730215671,0.956951205876035,0.360912117835084,2.32414460118889
"TmFO","prc_1",1988,79.7860328192489,1.38222599282397,0.714447617521779,7.75816619514226
"TmFO","prc_1",1989,80.7300265676501,1.30939143327829,0.767170839076234,0.365397684877007
"TmFO","prc_1",1990,81.1102201376059,1.0299141886633,0.321167736623869,0.649720618707502
"TmFO","prc_1",1991,81.8241083978861,1.79847640403726,0.731677376347989,1.08458814375704
"TmFO","prc_1",1992,83.542601396215,2.1590328391087,0.616204492860006,0.440539840779889
"TmFO","prc_1",1993,83.6472003905358,2.61457053547949,0.763796917007584,2.50997154115864
"TmFO","prc_1",1994,84.4075602835501,1.11566676057438,0.590814086663684,0.355306867560094
"TmFO","prc_1",1995,85.5110026983392,1.10344241478914,0.304141254054068,0
"TmFO","prc_1",1997,87.4003400059925,1.41154246335639,0.470381876901614,0.466873809529739
"TmFO","prc_1",1999,84.215665335739,0.916171759108021,0.359731475903343,2.50850909423478
"TmFO","prc_1",2001,83.6908923873929,2.30692006240371,0.723843377985804,2.56930653657677
"TmFO","prc_1",2003,87.383230578257,3.24573181868974,0.770680068567741,1.3995627232577
"TmFO","prc_1",2005,88.3198433938143,1.60506057459921,0.418946019019453,1.13675416682055
"TmFO","prc_1",2007,86.5373225318403,1.62452369113211,0.614587171225227,2.51578412211913
"TmFO","prc_1",2009,85.8129483783643,1.85652610795158,0.632814058737302,2.21871318468954
"TmFO","prc_1",2011,88.3250968094893,1.47918015222443,0.563950027985705,0.223105936661927
"TmFO","prc_1",2013,89.2407655036895,1.37257941373928,0.498115886721992,0.914745066639187
"TmFO","prc_1",2014,90.4764768191584,1.23571131546892,0.271586377505224,0
"TmFO","prc_1",2015,89.4144959947803,1.62918159815559,0.410516518982129,2.69116242253373
"TmFO","prc_10",1984,121.759166963741,NA,NA,NA
"TmFO","prc_10",1985,123.13620653754,1.37703957379949,0.71539649737284,0
"TmFO","prc_10",1986,124.135078424521,1.34919309565867,0.731939757642811,0.35032120867856
"TmFO","prc_10",1987,76.0684738718169,0.557149048651915,0.593692495195221,48.6237536013555
"TmFO","prc_10",1988,34.0796911026454,0.468671808534793,0.705771507622573,42.4574545777063
"TmFO","prc_10",1989,24.5387074667399,0.794283721495852,0.826849198574937,10.3352673574014
"TmFO","prc_10",1990,19.7506131816662,1.59663171622588,0.84392920079588,6.38472600129957
"TmFO","prc_10",1991,19.917057851845,1.49495446525163,0.902972223540042,1.32850979507279
"TmFO","prc_10",1992,18.4928068131954,0.623510706750204,0.530504456954445,2.04776174539977
"TmFO","prc_10",1993,17.8978232044121,1.23561665867794,0.824696226459954,1.8306002674613
"TmFO","prc_10",1994,17.3078350791973,0.317994721657023,0,0.907982846871846
"TmFO","prc_10",1995,18.8889842253796,1.95938515634316,0.855213202047487,0.37823601016078
"TmFO","prc_10",1997,20.6875758450028,0.899295809811562,0.760006171963884,0
"TmFO","prc_10",1999,21.0523404478817,0.626810482750315,0.537365675646699,0.444428181310866
"TmFO","prc_10",2001,22.9814888490293,1.40785942428151,0.845758875442768,0.44328522370767
"TmFO","prc_10",2003,23.7077598543865,0.530936682583767,0.641410209456474,0.167801179905209
"TmFO","prc_10",2005,25.8725329939986,1.30549250646798,0.678059463692744,0.223105936661927
"TmFO","prc_10",2007,26.6248770783829,0.557602052465829,0.652263114991594,0.181430010273655
"TmFO","prc_10",2009,28.0467215643366,1.09100217342202,0.645184153310701,0.380079930445158
"TmFO","prc_10",2011,31.7883494126213,1.87081392414232,0.735338348099319,0
"TmFO","prc_10",2013,33.9974799590299,1.10456527320433,0.605510377359839,0
"TmFO","prc_10",2015,37.80982203912,2.18709376644687,0.77279727228353,0.280922726401862
"TmFO","prc_11",1984,75.6421759756578,NA,NA,NA
"TmFO","prc_11",1985,76.589567396853,0.947391421195221,0.70341272249861,0
"TmFO","prc_11",1986,75.9304380275721,0.253958780154604,0,0.91308814943548
"TmFO","prc_11",1987,76.0271952352675,0.47240552254313,0,0.37564831484774
"TmFO","prc_11",1988,76.4562035735855,1.21635188122816,0.54784933454238,0.78734354291013
"TmFO","prc_11",1989,76.9364196587817,1.36907244781786,0.733655905223898,0.888856362621731
"TmFO","prc_11",1990,75.8930708975973,0.792757908597929,0.423335240393835,1.8361066697823
"TmFO","prc_11",1991,74.6544372266619,0.320817756937473,0,1.55945142787289
"TmFO","prc_11",1992,76.7017519716099,2.04731474494797,0.645089896025217,0
"TmFO","prc_11",1993,77.3967182559664,0.694966284356553,0.489907259494473,0
"TmFO","prc_11",1994,75.9190655305078,0.388256228979569,0,1.86590895443819
"TmFO","prc_11",1995,76.0202556026606,0.801921896742176,0.41247808575072,0.700731824589316
"TmFO","prc_11",1997,78.8876426764966,2.29209970811309,0.809919002160429,0.858406171195124
"TmFO","prc_11",1999,79.0294130267814,0.717570784494138,0.462657345754734,0.646685609351738
"TmFO","prc_11",2001,80.0963085609966,2.58585731748617,0.779283224425675,2.05240955037856
"TmFO","prc_11",2003,78.8552964034108,1.20899936341838,0.563269487091153,1.82950544221126
"TmFO","prc_11",2005,78.2232910484289,1.10191263295408,0.454659370361928,1.41791531044506
"TmFO","prc_11",2007,77.2885362837865,0.697863102926086,0.472264284646952,1.16524048524728
"TmFO","prc_11",2009,78.5450431633091,1.0265199807625,0.642122560225434,0.398266541001207
"TmFO","prc_11",2011,79.6253403515262,1.57010719594226,0.633558014733654,1.02995860183367
"TmFO","prc_11",2013,78.6358021582339,1.23559514810286,0.676121708077171,1.73036424474904
"TmFO","prc_11",2014,79.4601030412754,1.46003221973792,0.684615999913056,0.63573133669642
"TmFO","prc_11",2015,80.7256763483306,1.26557330705515,0.528460860177917,0
"TmFO","prc_12",1984,120.718518815343,NA,NA,NA
"TmFO","prc_12",1985,119.105377887346,1.68833681005071,0.793698530917585,3.3014777380471
"TmFO","prc_12",1986,117.356656656259,0.431447412368976,0,2.18016864345652
"TmFO","prc_12",1987,72.7031472289104,0.589459080910288,0.573459228166886,45.2429685082585
"TmFO","prc_12",1988,27.1121888737206,0.846445003063181,0.807500848284268,46.437403358253
"TmFO","prc_12",1989,19.19640825045,0.856203907912628,0.792520484229956,8.77198453118324
"TmFO","prc_12",1990,17.0409770453625,0.824303095780354,0.811335311677106,2.9797343008678
"TmFO","prc_12",1991,14.6039847834154,0.475532350281017,0.715974481250276,2.91252461222817
"TmFO","prc_12",1992,15.7822390073127,1.54365190877433,0.874460571659942,0.365397684877007
"TmFO","prc_12",1993,15.3820083020171,0.488625657326101,0.676950143592327,0.888856362621731
"TmFO","prc_12",1994,16.2370583158202,0.855050013803087,0.785035057439995,0
"TmFO","prc_12",1995,16.7688121778464,0.531753862026282,0.622045710452124,0
"TmFO","prc_12",1997,20.4037553203536,2.00017041369208,0.84632033383969,0.182698842438504
"TmFO","prc_12",1999,22.5044231350187,1.05033390733256,0.797671414207417,0
"TmFO","prc_12",2001,24.7152208994611,1.38632160862304,0.727279947018877,0.280922726401862
"TmFO","prc_12",2003,26.702579425654,1.16269463788385,0.716421437123716,0.169015374787388
"TmFO","prc_12",2005,28.8668388931292,1.08212973373763,0.620308355834216,0
"TmFO","prc_12",2007,30.2521227986165,1.01050762109182,0.658261417342507,0.31786566834821
"TmFO","prc_12",2009,30.3615098498691,0.744239728878809,0.450959691248409,0.689546203252486
"TmFO","prc_12",2011,30.3220052091369,0.550263397418856,0.300560795467571,0.570015717784955
"TmFO","prc_12",2013,31.7534425527517,1.38178633193411,0.732231509777377,0.666067660126743
"TmFO","prc_12",2015,33.3854676754121,1.02928189937349,0.646254625216834,0.213269338043262
"TmFO","prc_2",1984,100.792535665579,NA,NA,NA
"TmFO","prc_2",1985,101.377428671294,2.38637424086925,0.559552693189792,1.80148123515361
"TmFO","prc_2",1986,103.019898250294,1.64246957900011,0.399856939182872,0
"TmFO","prc_2",1987,56.417634978643,0.572313224208386,0.573770472863328,47.1745764958599
"TmFO","prc_2",1988,54.4640439196276,1.43944169389822,0.461261516201216,3.39303275291354
"TmFO","prc_2",1989,57.3855266598568,3.25951348980393,0.814810419938882,0.338030749574776
"TmFO","prc_2",1990,58.3757028868399,0.990176226983067,0.334056908130007,0
"TmFO","prc_2",1991,55.5093056571298,1.35668672141727,0.498325351717406,4.22308395112731
"TmFO","prc_2",1992,56.6884535754781,1.9704189015692,0.675184283814096,0.791270983220941
"TmFO","prc_2",1993,55.8219377781065,0.869911397168257,0.38024011406971,1.73642719453988
"TmFO","prc_2",1994,55.5287663200351,1.33021408791976,0.50649870706991,1.62338554599108
"TmFO","prc_2",1995,54.5519559912769,1.95046717685946,0.680830655883844,2.92727750561771
"TmFO","prc_2",1997,54.0458531390253,1.60020265250229,0.646075179338269,1.85325407862806
"TmFO","prc_2",1999,56.7455337053351,1.73893525267829,0.578343339220888,0.389094969523433
"TmFO","prc_2",2001,58.6133437952953,1.76244744805237,0.667226156129791,0.82854240307223
"TmFO","prc_2",2003,59.1112349820026,1.05834406451133,0.320641302160992,0.809398471157685
"TmFO","prc_2",2005,61.2777636226522,2.43173544213486,0.697165620371359,1.34847112181009
"TmFO","prc_2",2007,62.7116422429913,0.971067396541239,0.343116024219189,0.254128086371695
"TmFO","prc_2",2009,67.7408514070242,2.51460458201648,0.760403419091329,0
"TmFO","prc_2",2011,68.7276966703218,1.57098340199866,0.44212215497339,1.07756077034986
"TmFO","prc_2",2013,72.5894263456771,2.77845101264035,0.680201575442025,0.847586174962742
"TmFO","prc_2",2015,76.3493365234737,3.18443265763298,0.739481184464252,1.30447756873465
"TmFO","prc_3",1984,141.990852962585,NA,NA,NA
"TmFO","prc_3",1985,142.103364884452,1.53816653554189,0.428530736392314,1.42565461367569
"TmFO","prc_3",1986,143.475388962984,1.37202407853226,0.480422791759541,0
"TmFO","prc_3",1987,80.3286687330664,0.66967669451185,0.490350690073434,63.8163969244293
"TmFO","prc_3",1988,33.1566427841763,0.416720546569941,0.793757859103505,47.5887464954601
"TmFO","prc_3",1989,27.5919091892225,0.474983390914506,0.691342972325294,6.03971698586828
"TmFO","prc_3",1990,26.5597413707559,1.66169442305675,0.802135058848781,2.69386224152336
"TmFO","prc_3",1991,20.5306247214273,0.503666156255016,0.666319060041224,6.53278280558365
"TmFO","prc_3",1992,20.8691013721612,1.06927202048801,0.618692348723076,0.730795369754014
"TmFO","prc_3",1993,22.0731102675667,1.2040088954054,0.848642965186309,0
"TmFO","prc_3",1994,22.3930391663663,2.41413654457531,0.84431591532882,2.09420764577562
"TmFO","prc_3",1995,23.0668508430601,1.0624988859227,0.641116432978301,0.388687209228928
"TmFO","prc_3",1997,24.5218644077561,1.23623507453547,0.697016274576959,0.50872829218748
"TmFO","prc_3",1999,28.0916274936361,1.99676606619758,0.781215819975495,0.211884523257569
"TmFO","prc_3",2001,29.7902499246675,1.12379278042891,0.606140119810678,0.274481564913218
"TmFO","prc_3",2003,32.057994471651,1.40357824787623,0.601285803943996,0.269705974384471
"TmFO","prc_3",2005,34.4783317327968,1.40319829512041,0.499445663856503,0.193029664547508
"TmFO","prc_3",2007,36.3567142223751,0.939191244789154,0.375911376500096,0
"TmFO","prc_3",2009,40.8861453486269,2.26471556312588,0.673968369230942,0
"TmFO","prc_3",2011,45.0852142191402,2.50533921435709,0.640867580670688,0.405804779100431
"TmFO","prc_3",2013,48.4125666064288,1.84132962742435,0.49102654606132,0.177653433780047
"TmFO","prc_3",2015,52.2280574837531,2.83366590724515,0.615382806773526,0.925920468582979
"TmFO","prc_4",1984,92.4502249995871,NA,NA,NA
"TmFO","prc_4",1985,92.4025187201716,0.981317039815845,0.671701001231445,1.02902331923135
"TmFO","prc_4",1986,92.4596661240096,0.658655448527794,0.516915222626915,0.601508044689849
"TmFO","prc_4",1987,56.5951424273691,0.294835774709583,0,36.1593594713501
"TmFO","prc_4",1988,14.9399638709434,0.165389711818854,0,41.8205682682446
"TmFO","prc_4",1989,10.1672701401757,1.14043146969458,0.870140393228954,5.91312520046228
"TmFO","prc_4",1990,10.9802323546515,1.17835989935282,0.852411744028495,0.365397684877007
"TmFO","prc_4",1991,9.16823874523663,0.838690596908891,0.794580482135953,2.65068420632374
"TmFO","prc_4",1992,10.4277653461285,1.25952660089185,0.803209601324522,0
"TmFO","prc_4",1993,10.6558229654779,0.228057619349427,0,0
"TmFO","prc_4",1994,11.5923219266236,0.936498961145714,0.711562528467698,0
"TmFO","prc_4",1995,12.560582063211,0.968260136587375,0.685723839205914,0
"TmFO","prc_4",1997,13.23398257879,0.598551893278701,0.56072350972201,0.261851635489215
"TmFO","prc_4",1999,14.1439719400868,0.655983585462058,0.504250634667127,0.200988904813631
"TmFO","prc_4",2001,16.2793513661224,1.06768971301779,0.790725756457934,0
"TmFO","prc_4",2003,18.2854939985655,1.00307131622156,0.667963695183233,0
"TmFO","prc_4",2005,20.239682112906,1.19736397756021,0.699804074478539,0.220269920389945
"TmFO","prc_4",2007,20.081045532082,0.491178509232608,0.341629726771583,0.570496799644621
"TmFO","prc_4",2009,21.1250606395205,0.522007553719241,0.340327323837151,0
"TmFO","prc_4",2011,23.0189360097783,0.946937685128923,0.734375332193635,0
"TmFO","prc_4",2013,24.0484531621648,0.514758576193232,0.330707484592125,0
"TmFO","prc_4",2015,24.773203256642,1.08893212150376,0.626878828560725,0.726557074265161
"TmFO","prc_5",1984,81.9390274257455,NA,NA,NA
"TmFO","prc_5",1985,82.5693357395633,0.995705998694814,0.674138990404649,0.365397684877007
"TmFO","prc_5",1986,81.6369704153517,0.493289289464159,0.67055015374266,1.42565461367569
"TmFO","prc_5",1987,54.0973589846341,0.305435390378729,0,27.8450468210963
"TmFO","prc_5",1988,25.6533804025795,0.38480313598976,0.853362144347806,28.8287817180444
"TmFO","prc_5",1989,14.6860336303414,0.124118866972655,0,11.0914656392107
"TmFO","prc_5",1990,12.64634978713,0.409510987967572,0.801874525784361,2.44919483117898
"TmFO","prc_5",1991,13.0788489778397,0.43249919070966,0.76479960193001,0
"TmFO","prc_5",1992,13.87004227954,0.791193301700362,0.83921184325428,0
"TmFO","prc_5",1993,15.3034236317085,1.43338135216843,0.926423463241372,0
"TmFO","prc_5",1994,15.7748709464052,0.471447314696759,0.706725521462025,0
"TmFO","prc_5",1995,14.5094631533632,0.829790901580001,0.800152251544933,2.09519869462205
"TmFO","prc_5",1997,15.1938855432377,0.528746516724944,0.639390023271862,0.186535321787703
"TmFO","prc_5",1999,16.1692520502435,0.869688379011024,0.77460246364315,0.382005125508105
"TmFO","prc_5",2001,18.5006653381412,1.35353080137271,0.859555544195919,0.18782415742387
"TmFO","prc_5",2003,18.6359127425039,0.709812834083864,0.707565032682096,0.642189131902489
"TmFO","prc_5",2005,20.6135175047448,1.56853206174922,0.852090545307191,0.579729680628801
"TmFO","prc_5",2007,22.5879153480816,1.1562142964558,0.85722099295374,0.169015374787388
"TmFO","prc_5",2009,25.1350381039535,1.27356137793594,0.78971156290015,0
"TmFO","prc_5",2011,27.1273423319981,0.996152114022305,0.679981170935497,0
"TmFO","prc_5",2013,28.3327318133409,0.602694740671424,0.560939435537549,0
"TmFO","prc_5",2015,29.6054249918465,1.23123625744454,0.690469961617036,0.594889668191755
"TmFO","prc_6",1984,107.180250801934,NA,NA,NA
"TmFO","prc_6",1985,104.835822418973,1.34676781852935,0.489432275631271,3.69119620148995
"TmFO","prc_6",1986,105.575723148151,0.739900729178473,0.443811468660918,0
"TmFO","prc_6",1987,105.672605075843,0.678367778323483,0.487604540574254,0.581485850631956
"TmFO","prc_6",1988,104.927152338951,1.67838640836618,0.597013560521611,2.42383914525843
"TmFO","prc_6",1989,103.661914127703,1.60886615101217,0.630357904460158,2.87410436225988
"TmFO","prc_6",1990,104.869365985604,2.23378616990679,0.740409050451017,1.02633431200607
"TmFO","prc_6",1991,106.463120020947,2.14913724102933,0.614526625259552,0.555383205686504
"TmFO","prc_6",1992,107.359123193793,1.80599883557553,0.552128211762611,0.909995662729209
"TmFO","prc_6",1993,108.097753412687,1.83341567880028,0.542584870216496,1.09478545990601
"TmFO","prc_6",1994,108.340328273412,1.36097351122276,0.487855974224073,1.11839865049806
"TmFO","prc_6",1995,109.722345317144,1.8690848102106,0.530915248601044,0.487067766478227
"TmFO","prc_6",1997,108.923136806937,1.52232194259786,0.442571951623156,1.92192619770152
"TmFO","prc_6",1999,109.137821467866,1.69797085988496,0.586560865891823,1.59062852942039
"TmFO","prc_6",2001,109.302586573863,1.38111082859672,0.35969178304186,1.29872827559844
"TmFO","prc_6",2003,111.11343728377,1.67869035721854,0.594723793767294,0.773265002264885
"TmFO","prc_6",2005,112.428822010795,2.07131672040159,0.403314922947002,1.41362435688899
"TmFO","prc_6",2007,113.58565340936,0.578415699282644,0.285932080768234,0
"TmFO","prc_6",2009,114.269327460205,1.88602823959192,0.62609219989189,1.54419121416975
"TmFO","prc_6",2011,116.029858547961,1.07592812269833,0.314249483778278,0.195662578820032
"TmFO","prc_6",2013,117.23978880276,2.10920014173665,0.79219347997661,1.50423501433742
"TmFO","prc_6",2014,120.444631538089,3.59616789296912,0.735011759152366,0.391325157640064
"TmFO","prc_6",2015,121.748717336237,1.30408579814763,0.510992121566515,0
"TmFO","prc_7",1984,100.362706474308,NA,NA,NA
"TmFO","prc_7",1985,101.054615085292,0.691908610983361,0.474595089679955,0
"TmFO","prc_7",1986,101.047257271462,1.45668670685508,0.679574298578441,1.46404452068477
"TmFO","prc_7",1987,64.1374591898316,0.586007246504309,0.56445583371701,37.4958053281348
"TmFO","prc_7",1988,62.9805585626443,1.30526823562839,0.769488248871877,2.46216886281565
"TmFO","prc_7",1989,64.2172228573813,1.72373206121515,0.767596343440659,0.487067766478227
"TmFO","prc_7",1990,64.9042483586074,1.93807191411201,0.681456610125755,1.25104641288587
"TmFO","prc_7",1991,65.0507488009518,2.0034849263559,0.829434714447228,1.85698448401153
"TmFO","prc_7",1992,66.9710932324295,1.92034443147774,0.69279023755441,0
"TmFO","prc_7",1993,67.6347166531833,1.04445715915271,0.316695812739829,0.380833738398926
"TmFO","prc_7",1994,69.0264857128025,1.78840035406353,0.74526055821459,0.396631294444337
"TmFO","prc_7",1995,70.3198771265702,1.70618366793758,0.778297284973224,0.412792254169858
"TmFO","prc_7",1997,73.8365299044389,1.97438064543956,0.603095076242761,0.216054256505229
"TmFO","prc_7",1999,75.7732460512562,1.80018766994184,0.645788434632465,0.831829596533211
"TmFO","prc_7",2001,75.328250441474,1.28192247432405,0.387985345067396,1.50442027921515
"TmFO","prc_7",2003,77.4914444526335,1.50569184705532,0.66549100200024,0.424094841475558
"TmFO","prc_7",2005,79.9426212813444,1.4212509931755,0.475743251432231,0.195662578820032
"TmFO","prc_7",2007,80.8695040511991,1.16075652900482,0.574089011820195,0.697315144077493
"TmFO","prc_7",2009,84.6906025546779,1.9105492517394,0.609190294641359,0
"TmFO","prc_7",2011,86.8325963546176,1.54537433418588,0.657907640864028,0.474377434216006
"TmFO","prc_7",2013,88.0294795134368,1.71742810492839,0.684555815635891,1.11898652551877
"TmFO","prc_7",2015,88.6889574516219,1.63219605815853,0.607237814551129,1.30245708906597
"TmFO","prc_8",1984,122.263128548045,NA,NA,NA
"TmFO","prc_8",1985,123.510078248009,1.24694969996473,0.528611248864669,0
"TmFO","prc_8",1986,124.216522420953,0.706444172943293,0,0
"TmFO","prc_8",1987,64.433928568477,0.525867265260054,0.624447367184173,60.3084611177357
"TmFO","prc_8",1988,28.0400162108307,0.169086080628617,0,36.5629984382749
"TmFO","prc_8",1989,17.7292911599354,0.465716926798283,0.72061447737711,10.7764419776936
"TmFO","prc_8",1990,17.5207143859247,1.13357808642326,0.881792935901544,1.34215486043396
"TmFO","prc_8",1991,14.9549103775665,0.504756198960649,0.674521736456611,3.0705602073188
"TmFO","prc_8",1992,12.3810560221137,0.155268297153168,0,2.72912265260596
"TmFO","prc_8",1993,11.9855488497801,0.0885752074340644,0,0.484082379767737
"TmFO","prc_8",1994,11.8554026438592,0.464645248735143,0.743309626683449,0.59479145465596
"TmFO","prc_8",1995,12.331311453277,0.475908809417735,0.695039054424094,0
"TmFO","prc_8",1997,12.5744638953531,0.455979200270372,0.725428131599697,0.334402979232287
"TmFO","prc_8",1999,13.160228452968,0.539417101476888,0.665854188229148,0.246534822669469
"TmFO","prc_8",2001,13.7975676824204,0.810703203840013,0.630048975099483,0.492033589113797
"TmFO","prc_8",2003,14.0459600943977,0.40028015613656,0.41317962409427,0.276083950147919
"TmFO","prc_8",2005,14.1813804604023,0.633061469303239,0.535903380954248,0.565351286300929
"TmFO","prc_8",2007,14.9596786715271,0.389149105562386,0.450111799913155,0
"TmFO","prc_8",2009,16.5431562740113,0.97699029496244,0.692034450014642,0.185251493720321
"TmFO","prc_8",2011,19.3982715573162,1.59294524609732,0.763826300600812,0.165387604444899
"TmFO","prc_8",2013,22.7072452429133,1.65448684279855,0.710719948673164,0
"TmFO","prc_8",2015,25.0775451701125,1.1851499635996,0.715673241243738,0
"TmFO","prc_9",1984,86.6813714382536,NA,NA,NA
"TmFO","prc_9",1985,85.7951969675581,0.799628628738778,0.41366103838918,1.68580309943427
"TmFO","prc_9",1986,84.1474334574985,0.935864672060076,0.709460542782532,2.58362818211962
"TmFO","prc_9",1987,49.3163736831452,0.149662785011095,0,34.9807225593644
"TmFO","prc_9",1988,49.9331274736166,0.972060658031472,0.693055939478735,0.355306867560094
"TmFO","prc_9",1989,51.0639965237235,2.09722325861684,0.794378156624053,0.966354208509976
"TmFO","prc_9",1990,49.1613227881184,0.687251081129291,0.488325692058507,2.58992481673436
"TmFO","prc_9",1991,49.2890313113981,0.478029731958289,0,0.35032120867856
"TmFO","prc_9",1992,49.160947464542,1.04173932300613,0.644349523797353,1.16982316986219
"TmFO","prc_9",1993,47.1190647638243,1.09343634194025,0.600632001488614,3.13531904265805
"TmFO","prc_9",1994,46.5528276373327,0.773336940234786,0.427724568270818,1.33957406672636
"TmFO","prc_9",1995,47.5097641670981,0.95693652976545,0.706495537155743,0
"TmFO","prc_9",1997,48.4974150777818,1.52374037357233,0.66498184882639,1.02991491823052
"TmFO","prc_9",1999,49.4656704649109,1.02534589330195,0.647565667990291,0.541218199737356
"TmFO","prc_9",2001,50.9154923201381,1.38637599754897,0.71751751668356,0.661465069935405
"TmFO","prc_9",2003,51.506480218702,1.51906516108406,0.770131519480963,1.22357121180207
"TmFO","prc_9",2005,51.6317854736998,1.13621103998263,0.444166756469697,1.07355841248373
"TmFO","prc_9",2007,48.991789887517,0.638289562226498,0.529596148542915,1.95828735531792
"TmFO","prc_9",2009,50.3445691236188,1.24478406662627,0.803035563755418,0.568394448575365
"TmFO","prc_9",2011,51.2524417705594,1.40892139149572,0.713763980968493,0.954985068025445
"TmFO","prc_9",2013,53.5514164088512,1.14948731914593,0.721527013182804,0
"TmFO","prc_9",2015,55.209040388526,1.06200562917501,0.62863274407858,0.233193639337636
"TmFO","prg_1",1993,52.1260635472882,NA,NA,NA
"TmFO","prg_1",1994,53.7519525574601,1.62588901017187,0.425595504346643,0
"TmFO","prg_1",1995,54.5478129057876,0.972977587338868,0.29368122427947,0.177117239011367
"TmFO","prg_1",1996,55.5578032166582,1.24260060307164,0.453097797134302,0.232610292201021
"TmFO","prg_1",1998,57.2033693788247,0.914060893312677,0.426949474142386,0.0912778122294185
"TmFO","prg_1",2000,57.6158697654323,1.35954978864264,0.475296043316605,1.15329959533888
"TmFO","prg_1",2003,58.267260187227,1.26754993276839,0.509468963051166,1.05041979217014
"TmFO","prg_1",2005,57.9788283307484,1.81512981380529,0.585278269228242,1.9593457420446
"TmFO","prg_1",2006,59.3592022776136,1.38037394686516,0.350524102494894,0
"TmFO","prg_1",2009,59.5182634190563,1.06070107041091,0.300146363606784,1.00768068992999
"TmFO","prg_1",2014,55.237608271991,1.21655253151576,0.470395434862389,2.07268356092883
"TmFO","prg_2",1993,50.7953600781532,NA,NA,NA
"TmFO","prg_2",1994,27.9749884820125,0.490025831304205,0.285260913628558,23.3103974274449
"TmFO","prg_2",1995,28.9813396329484,1.09610617940728,0.647475753307078,0.0897550284714179
"TmFO","prg_2",1996,30.1483966201254,1.26202948246688,0.673071020406425,0.0949724952899268
"TmFO","prg_2",1998,31.2012128026651,0.772501642757557,0.645279584962594,0.246093551487666
"TmFO","prg_2",2000,31.8575013199952,0.83214166226425,0.588930945549765,0.503997403599244
"TmFO","prg_2",2003,32.0152744049734,0.917818651557256,0.559648242157553,0.865227623231163
"TmFO","prg_2",2005,30.8637448451937,1.88943607336103,0.713158260205976,2.46520085325088
"TmFO","prg_2",2006,33.4783172680607,2.8772024702979,0.789691638787468,0.262630047430976
"TmFO","prg_2",2009,38.7234322576425,2.32339851732753,0.765031901908234,0.575026854133562
"TmFO","prg_2",2014,39.0377111972937,1.36893746576484,0.628733656169785,1.30608167783461
"TmFO","prg_3",1993,47.4580561702058,NA,NA,NA
"TmFO","prg_3",1994,32.8364565782203,1.22481059685955,0.578556545893308,15.846410188845
"TmFO","prg_3",1995,34.4311851014848,1.73936061767269,0.623933598035456,0.144632094408283
"TmFO","prg_3",1996,35.5656827986876,1.58052689838106,0.531303875224306,0.446029201178253
"TmFO","prg_3",1998,37.7757581594356,1.28831519232666,0.586306638502976,0.183277511952654
"TmFO","prg_3",2000,39.7255897622117,1.31981976839914,0.565655895201276,0.344903967011059
"TmFO","prg_3",2003,42.646271345969,1.82676617632571,0.579907175276339,0.853205648406638
"TmFO","prg_3",2005,44.7969321428837,2.56424520421509,0.65735588860479,1.48891480575773
"TmFO","prg_3",2006,47.7607236570942,3.80402699597384,0.651034035376375,0.840235481763281
"TmFO","prg_3",2009,51.2845416883101,2.49076676892951,0.585892775314461,1.31616075852422
"TmFO","prg_3",2014,52.1152270138939,2.40029837834374,0.619546267947301,2.23416131322698
"TmFO","tbc_1",1999,45.5865816467886,NA,NA,NA
"TmFO","tbc_1",2001,43.2155225028442,1.11860349132011,0.701122596343597,2.30413306329231
"TmFO","tbc_1",2004,49.7496331654279,2.56088607243792,0.540028978931926,0.382849184910004
"TmFO","tbc_1",2007,51.2728100009583,1.49208020817507,0.485768192420852,0.984354596331612
"TmFO","tbc_1",2011,51.5804892239049,1.66773176624302,0.497189766149642,1.59081196050637
"TmFO","tor_1",2002,124.329097707082,NA,NA,NA
"TmFO","tor_1",2005,132.079660131831,2.90931397811211,0.435475617067218,0.325793169862487
"TmFO","tor_1",2006,105.256769401784,0.0729273610527272,0,26.8958180910995
"TmFO","tor_1",2007,97.9032612647964,3.35999030501296,0.530516754462401,10.7134984420003
"TmFO","tor_1",2009,97.8227054466574,1.7351585388481,0.371549380328779,1.77543644791759
"TmFO","tor_1",2011,95.8082261588594,2.25558448728192,0.564237817703242,3.26282413118091
"TmFO","tor_1",2014,95.4301263051965,1.26038062874396,0.37367388922866,1.38641391329828
"TmFO","tor_1",2016,100.368437558524,2.99195008095855,0.632774238315089,0.522794454295009
"TmFO","tor_2",2002,133.277618743599,NA,NA,NA
"TmFO","tor_2",2005,129.795484080816,3.36491400584523,0.377243143160747,4.52562556010619
"TmFO","tor_2",2006,99.9308057659793,0.948525635058736,0.50816049838133,30.8132039498956
"TmFO","tor_2",2007,103.727726925539,7.63403276914944,0.422528026630815,3.8371116095892
"TmFO","tor_2",2009,103.809284939396,3.40398604087246,0.28036047910135,3.36320703394402
"TmFO","tor_2",2011,103.256172213555,3.68194169126227,0.443986190764771,3.9584980541828
"TmFO","tor_2",2014,104.407752088931,2.59272840445276,0.367833550620232,2.20886844599431
"TmFO","tor_2",2016,109.975958233114,3.50680820437085,0.528327963914323,0.722705132279043
"TmFO","tor_3",2002,127.137671579802,NA,NA,NA
"TmFO","tor_3",2005,132.258553332965,4.43001566220296,0.385285377473177,2.72305507781543
"TmFO","tor_3",2007,128.703448763437,3.98957201051005,0.466715233882825,5.76712429527386
"TmFO","tor_3",2011,132.078348270812,3.11328538527289,0.476392758303857,2.26956050842911
"TmFO","tor_3",2014,136.135732236115,4.31930692619586,0.489716125656618,2.9668456044282
"TmFO","tpj_0",1983,104.742698516803,NA,NA,NA
"TmFO","tpj_0",1987,109.59783748594,1.80704441525677,0.346114202155899,0.593259672972466
"TmFO","tpj_0",1989,106.900281579687,2.48020554036016,0.585555283939597,3.82898349348661
"TmFO","tpj_0",1995,109.818853203967,2.1517835319672,0.594536760400779,1.66535492792052
"TmFO","tpj_0",2003,113.065336902705,0.883357889675257,0.383738519131979,0.47754742733303
"TmFO","tpj_0",2008,122.356207540359,3.87565072942457,0.424469011531844,2.01747660189382
"TmFO","tpj_0",2012,128.860222629449,3.3832340438707,0.567633922374303,1.75723027159823
"TmFO","tpj_1",1981,143.688018741645,NA,NA,NA
"TmFO","tpj_1",1983,89.7334131968896,2.84416234594792,0.436279113900501,29.8214651183256
"TmFO","tpj_1",1987,92.5979439860635,3.1862110262263,0.436167158665256,2.47007832893282
"TmFO","tpj_1",1989,94.9642780770828,2.52996082568081,0.235366488199405,1.34679378017118
"TmFO","tpj_1",1995,93.5122401890229,1.74709965699334,0.292541126499031,1.98910597166999
"TmFO","tpj_1",2003,97.0361104616613,1.71881711705853,0.402541609409474,1.27833333297872
"TmFO","tpj_1",2008,104.00391960114,3.01348617795897,0.337675025921828,1.61992435006325
"TmFO","tpj_1",2012,111.298012821049,2.22547387755763,0.531267683957025,0.401950572580405
"TmFO","tpj_3",1981,111.167120117981,NA,NA,NA
"TmFO","tpj_3",1983,65.7383219578104,1.83165724259556,0.513758657140729,27.1026549715006
"TmFO","tpj_3",1987,65.7160441359619,2.47452016829575,0.650627026124751,1.86083509791734
"TmFO","tpj_3",1989,69.1404563529519,3.19415742910356,0.632806075912592,1.48195132060858
"TmFO","tpj_3",1995,70.0430700088107,1.82373890311085,0.555032968420958,1.67330329380104
"TmFO","tpj_3",2003,71.6410504362469,1.151315905432,0.548479012361425,0.951568352002478
"TmFO","tpj_3",2008,78.6770480474911,3.12802177458493,0.501502115151365,1.72082225233609
"TmFO","tpj_3",2012,82.4175857236768,2.11363242469769,0.499800600423953,1.14758339979076
